true_class,true_class_name,minute,absolute_importance
0,Healthy,0,0.00025269546
0,Healthy,1,0.00030752976
0,Healthy,2,0.00023937019
0,Healthy,3,0.00051308796
0,Healthy,4,0.00033267334
0,Healthy,5,0.00052737235
0,Healthy,6,0.0008170301
0,Healthy,7,0.0009400472
0,Healthy,8,0.0016279673
0,Healthy,9,0.0007851227
0,Healthy,10,0.0008182104
0,Healthy,11,0.00064974354
0,Healthy,12,0.0005299481
0,Healthy,13,0.0008160339
0,Healthy,14,0.00066273386
0,Healthy,15,0.00053727446
0,Healthy,16,0.0008100522
0,Healthy,17,0.0008993167
0,Healthy,18,0.0005372532
0,Healthy,19,0.0005930626
0,Healthy,20,0.0004185405
0,Healthy,21,0.00042779517
0,Healthy,22,0.0012911251
0,Healthy,23,0.0006657778
0,Healthy,24,0.00046591795
0,Healthy,25,0.0006436903
0,Healthy,26,0.0007177693
0,Healthy,27,0.00054555596
0,Healthy,28,0.00046308176
0,Healthy,29,0.00063618866
0,Healthy,30,0.00086211093
0,Healthy,31,0.0009031826
0,Healthy,32,0.00043712527
0,Healthy,33,0.0014202201
0,Healthy,34,0.0008289213
0,Healthy,35,0.0005529964
0,Healthy,36,0.0005827529
0,Healthy,37,0.0004665048
0,Healthy,38,0.0005906237
0,Healthy,39,0.0017949184
0,Healthy,40,0.0005012573
0,Healthy,41,0.0009402419
0,Healthy,42,0.0004906088
0,Healthy,43,0.00068648875
0,Healthy,44,0.0004653396
0,Healthy,45,0.00064781384
0,Healthy,46,0.0006230682
0,Healthy,47,0.00077018427
0,Healthy,48,0.00038615105
0,Healthy,49,0.00046233382
0,Healthy,50,0.00049134594
0,Healthy,51,0.00070987595
0,Healthy,52,0.0004816525
0,Healthy,53,0.0005008921
0,Healthy,54,0.0006897378
0,Healthy,55,0.0005650169
0,Healthy,56,0.00070179434
0,Healthy,57,0.0005873032
0,Healthy,58,0.00052011706
0,Healthy,59,0.00071888714
0,Healthy,60,0.00048751998
0,Healthy,61,0.0006922654
0,Healthy,62,0.0008805915
0,Healthy,63,0.00063352217
0,Healthy,64,0.00044742078
0,Healthy,65,0.000561215
0,Healthy,66,0.000742024
0,Healthy,67,0.0021448317
0,Healthy,68,0.00054233475
0,Healthy,69,0.000601701
0,Healthy,70,0.00050784985
0,Healthy,71,0.0005587205
0,Healthy,72,0.00048160172
0,Healthy,73,0.0005201229
0,Healthy,74,0.0006709014
0,Healthy,75,0.0005534695
0,Healthy,76,0.000385734
0,Healthy,77,0.00064201123
0,Healthy,78,0.0006557722
0,Healthy,79,0.00061158166
0,Healthy,80,0.00045627714
0,Healthy,81,0.0006737716
0,Healthy,82,0.00065336423
0,Healthy,83,0.00068459345
0,Healthy,84,0.00058844965
0,Healthy,85,0.0006132534
0,Healthy,86,0.0006784841
0,Healthy,87,0.00057041773
0,Healthy,88,0.0004806107
0,Healthy,89,0.0006336797
0,Healthy,90,0.0006453405
0,Healthy,91,0.00050468626
0,Healthy,92,0.00050729373
0,Healthy,93,0.0005283306
0,Healthy,94,0.00064817624
0,Healthy,95,0.00048268237
0,Healthy,96,0.00048566874
0,Healthy,97,0.00057958794
0,Healthy,98,0.0007982897
0,Healthy,99,0.00065711385
0,Healthy,100,0.0004085229
0,Healthy,101,0.00065836654
0,Healthy,102,0.0009250292
0,Healthy,103,0.0008392198
0,Healthy,104,0.0005181778
0,Healthy,105,0.0008138746
0,Healthy,106,0.0009108841
0,Healthy,107,0.00053997
0,Healthy,108,0.0006015034
0,Healthy,109,0.0006757939
0,Healthy,110,0.00076587754
0,Healthy,111,0.000725803
0,Healthy,112,0.00074653985
0,Healthy,113,0.00079243706
0,Healthy,114,0.00070406444
0,Healthy,115,0.00059490534
0,Healthy,116,0.0004217792
0,Healthy,117,0.0007055932
0,Healthy,118,0.0009504615
0,Healthy,119,0.0006578265
0,Healthy,120,0.0007002183
0,Healthy,121,0.00069098064
0,Healthy,122,0.00072485046
0,Healthy,123,0.0005842915
0,Healthy,124,0.00040256046
0,Healthy,125,0.00048987434
0,Healthy,126,0.00071388157
0,Healthy,127,0.0005603358
0,Healthy,128,0.0005511526
0,Healthy,129,0.0007360131
0,Healthy,130,0.00087867916
0,Healthy,131,0.00056364876
0,Healthy,132,0.00055777526
0,Healthy,133,0.0006214054
0,Healthy,134,0.0008537097
0,Healthy,135,0.0006720825
0,Healthy,136,0.00043375135
0,Healthy,137,0.00052183593
0,Healthy,138,0.0007498985
0,Healthy,139,0.0006546306
0,Healthy,140,0.00052218867
0,Healthy,141,0.00042633072
0,Healthy,142,0.00083915674
0,Healthy,143,0.0008818577
0,Healthy,144,0.00048305822
0,Healthy,145,0.0005758818
0,Healthy,146,0.00075938465
0,Healthy,147,0.00055282714
0,Healthy,148,0.00039277415
0,Healthy,149,0.000505561
0,Healthy,150,0.0007995208
0,Healthy,151,0.00054753554
0,Healthy,152,0.0004828931
0,Healthy,153,0.0005008457
0,Healthy,154,0.0005820204
0,Healthy,155,0.00047760244
0,Healthy,156,0.00053744134
0,Healthy,157,0.0005740635
0,Healthy,158,0.00073637726
0,Healthy,159,0.0005352564
0,Healthy,160,0.00036763452
0,Healthy,161,0.0006278644
0,Healthy,162,0.000559995
0,Healthy,163,0.00078452704
0,Healthy,164,0.0005723714
0,Healthy,165,0.000537492
0,Healthy,166,0.00052610965
0,Healthy,167,0.0007023186
0,Healthy,168,0.0004915564
0,Healthy,169,0.0007376034
0,Healthy,170,0.0005832411
0,Healthy,171,0.00046454184
0,Healthy,172,0.00060043135
0,Healthy,173,0.00074028166
0,Healthy,174,0.00056523917
0,Healthy,175,0.00054402056
0,Healthy,176,0.00068508094
0,Healthy,177,0.00072802574
0,Healthy,178,0.0006094083
0,Healthy,179,0.0004939742
0,Healthy,180,0.0005850046
0,Healthy,181,0.0009005708
0,Healthy,182,0.0008747659
0,Healthy,183,0.0006293332
0,Healthy,184,0.00045672574
0,Healthy,185,0.0006185932
0,Healthy,186,0.0007457199
0,Healthy,187,0.00072622043
0,Healthy,188,0.0005449483
0,Healthy,189,0.0007061583
0,Healthy,190,0.0006682703
0,Healthy,191,0.0006709219
0,Healthy,192,0.00065779104
0,Healthy,193,0.0006643766
0,Healthy,194,0.0008544898
0,Healthy,195,0.00076109683
0,Healthy,196,0.0006060163
0,Healthy,197,0.0005234919
0,Healthy,198,0.00064705295
0,Healthy,199,0.0008423528
0,Healthy,200,0.0005394998
0,Healthy,201,0.0006625209
0,Healthy,202,0.000732259
0,Healthy,203,0.0005145334
0,Healthy,204,0.0005687811
0,Healthy,205,0.00065007113
0,Healthy,206,0.0008540556
0,Healthy,207,0.00062824175
0,Healthy,208,0.0006290112
0,Healthy,209,0.0005874604
0,Healthy,210,0.00063676765
0,Healthy,211,0.00057953986
0,Healthy,212,0.0004583352
0,Healthy,213,0.0006826652
0,Healthy,214,0.0008399207
0,Healthy,215,0.00066675514
0,Healthy,216,0.0004807372
0,Healthy,217,0.0005189251
0,Healthy,218,0.0006111394
0,Healthy,219,0.00050980743
0,Healthy,220,0.0003898462
0,Healthy,221,0.00066313444
0,Healthy,222,0.00074435346
0,Healthy,223,0.0007123056
0,Healthy,224,0.00066654116
0,Healthy,225,0.00068390847
0,Healthy,226,0.00079581485
0,Healthy,227,0.00062901597
0,Healthy,228,0.00058477285
0,Healthy,229,0.0006502054
0,Healthy,230,0.0008156088
0,Healthy,231,0.0008157784
0,Healthy,232,0.0006280376
0,Healthy,233,0.00062378554
0,Healthy,234,0.00067189103
0,Healthy,235,0.00045752886
0,Healthy,236,0.0005333528
0,Healthy,237,0.0006348605
0,Healthy,238,0.0008246177
0,Healthy,239,0.00079350465
0,Healthy,240,0.000563939
0,Healthy,241,0.0005587555
0,Healthy,242,0.0006963214
0,Healthy,243,0.0005577042
0,Healthy,244,0.000561071
0,Healthy,245,0.00056805473
0,Healthy,246,0.0006825469
0,Healthy,247,0.00049249723
0,Healthy,248,0.0004843215
0,Healthy,249,0.00047606602
0,Healthy,250,0.0006488867
0,Healthy,251,0.00058202876
0,Healthy,252,0.0004913991
0,Healthy,253,0.0006625898
0,Healthy,254,0.0007566663
0,Healthy,255,0.000597717
0,Healthy,256,0.0005481719
0,Healthy,257,0.0005087876
0,Healthy,258,0.0006057988
0,Healthy,259,0.00064685324
0,Healthy,260,0.0005297274
0,Healthy,261,0.0006563198
0,Healthy,262,0.0006721413
0,Healthy,263,0.00045089025
0,Healthy,264,0.00045306116
0,Healthy,265,0.00053443003
0,Healthy,266,0.0006823667
0,Healthy,267,0.0007829533
0,Healthy,268,0.00066779664
0,Healthy,269,0.0005643209
0,Healthy,270,0.00077077985
0,Healthy,271,0.0006322201
0,Healthy,272,0.0005045583
0,Healthy,273,0.0005363365
0,Healthy,274,0.0006057132
0,Healthy,275,0.00058290386
0,Healthy,276,0.0005703295
0,Healthy,277,0.00052810175
0,Healthy,278,0.00050026266
0,Healthy,279,0.0008922624
0,Healthy,280,0.00065590185
0,Healthy,281,0.00081805675
0,Healthy,282,0.0006277351
0,Healthy,283,0.00043250617
0,Healthy,284,0.00043762018
0,Healthy,285,0.00097024464
0,Healthy,286,0.00051577465
0,Healthy,287,0.0005246785
0,Healthy,288,0.00038254345
0,Healthy,289,0.0006543642
0,Healthy,290,0.0005328825
0,Healthy,291,0.0007904202
0,Healthy,292,0.0004345822
0,Healthy,293,0.0005977904
0,Healthy,294,0.00075551093
0,Healthy,295,0.0007299749
0,Healthy,296,0.0005137916
0,Healthy,297,0.00053008716
0,Healthy,298,0.000596536
0,Healthy,299,0.00043671383
0,Healthy,300,0.0005040546
0,Healthy,301,0.0007212475
0,Healthy,302,0.000757344
0,Healthy,303,0.00049954007
0,Healthy,304,0.0005989854
0,Healthy,305,0.00047471386
0,Healthy,306,0.00064355053
0,Healthy,307,0.00056753313
0,Healthy,308,0.00052957906
0,Healthy,309,0.0005386432
0,Healthy,310,0.0006570009
0,Healthy,311,0.00054803415
0,Healthy,312,0.00070523925
0,Healthy,313,0.0004836497
0,Healthy,314,0.0005574648
0,Healthy,315,0.00060192985
0,Healthy,316,0.00042564902
0,Healthy,317,0.00060824247
0,Healthy,318,0.00050841994
0,Healthy,319,0.0005534787
0,Healthy,320,0.00038041046
0,Healthy,321,0.0006530775
0,Healthy,322,0.00071704166
0,Healthy,323,0.00050584297
0,Healthy,324,0.00034522396
0,Healthy,325,0.00059882324
0,Healthy,326,0.00062628405
0,Healthy,327,0.00067188253
0,Healthy,328,0.00044476177
0,Healthy,329,0.00069386774
0,Healthy,330,0.0010557061
0,Healthy,331,0.000575772
0,Healthy,332,0.00055611273
0,Healthy,333,0.0004825035
0,Healthy,334,0.0007592222
0,Healthy,335,0.00052355306
0,Healthy,336,0.0005053437
0,Healthy,337,0.00069846585
0,Healthy,338,0.001037729
0,Healthy,339,0.00061779236
0,Healthy,340,0.000499317
0,Healthy,341,0.0004925274
0,Healthy,342,0.0006854988
0,Healthy,343,0.0005065666
0,Healthy,344,0.00044469908
0,Healthy,345,0.0005979221
0,Healthy,346,0.000708519
0,Healthy,347,0.0005984938
0,Healthy,348,0.00055911223
0,Healthy,349,0.00058408105
0,Healthy,350,0.0006512874
0,Healthy,351,0.00067871413
0,Healthy,352,0.0006924339
0,Healthy,353,0.0008493297
0,Healthy,354,0.0009308558
0,Healthy,355,0.00062334974
0,Healthy,356,0.00052291877
0,Healthy,357,0.00061916205
0,Healthy,358,0.0006008375
0,Healthy,359,0.0006348589
0,Healthy,360,0.00032574515
0,Healthy,361,0.0006802516
0,Healthy,362,0.00077218295
0,Healthy,363,0.0008046759
0,Healthy,364,0.00060522615
0,Healthy,365,0.00052259857
0,Healthy,366,0.00060182036
0,Healthy,367,0.0005270418
0,Healthy,368,0.00054189446
0,Healthy,369,0.00061037025
0,Healthy,370,0.00058649876
0,Healthy,371,0.0003963689
0,Healthy,372,0.00047318003
0,Healthy,373,0.00055092794
0,Healthy,374,0.0005380183
0,Healthy,375,0.00041230797
0,Healthy,376,0.0005140132
0,Healthy,377,0.00046937697
0,Healthy,378,0.0005497833
0,Healthy,379,0.00049183326
0,Healthy,380,0.0005323611
0,Healthy,381,0.0005732025
0,Healthy,382,0.00057112274
0,Healthy,383,0.0004713035
0,Healthy,384,0.0003953874
0,Healthy,385,0.0003239189
0,Healthy,386,0.00052995427
0,Healthy,387,0.0005822286
0,Healthy,388,0.00043576222
0,Healthy,389,0.00021028552
0,Healthy,390,0.0004693439
0,Healthy,391,0.00061812066
0,Healthy,392,0.0003855232
0,Healthy,393,0.00065841863
0,Healthy,394,0.00053669134
0,Healthy,395,0.0005691066
0,Healthy,396,0.00043435727
0,Healthy,397,0.00055461423
0,Healthy,398,0.00060985325
0,Healthy,399,0.00066401047
0,Healthy,400,0.0004891279
0,Healthy,401,0.00047246274
0,Healthy,402,0.00049097725
0,Healthy,403,0.0005180215
0,Healthy,404,0.0005368326
0,Healthy,405,0.00036275285
0,Healthy,406,0.00033373848
0,Healthy,407,0.0005791372
0,Healthy,408,0.0003517675
0,Healthy,409,0.0004836897
0,Healthy,410,0.00039123895
0,Healthy,411,0.00043365595
0,Healthy,412,0.00043215923
0,Healthy,413,0.00043016166
0,Healthy,414,0.00045514767
0,Healthy,415,0.0004183949
0,Healthy,416,0.00042537253
0,Healthy,417,0.0004021914
0,Healthy,418,0.00042002276
0,Healthy,419,0.0005042603
0,Healthy,420,0.00038015947
0,Healthy,421,0.0005942225
0,Healthy,422,0.00050285994
0,Healthy,423,0.00041754116
0,Healthy,424,0.00030819772
0,Healthy,425,0.0008019976
0,Healthy,426,0.000521716
0,Healthy,427,0.0005372316
0,Healthy,428,0.0004708044
0,Healthy,429,0.00056605396
0,Healthy,430,0.0005086584
0,Healthy,431,0.00075017574
0,Healthy,432,0.0006405628
0,Healthy,433,0.00048031087
0,Healthy,434,0.0006323556
0,Healthy,435,0.0003753024
0,Healthy,436,0.0005530039
0,Healthy,437,0.0005028812
0,Healthy,438,0.00043535003
0,Healthy,439,0.00053029234
0,Healthy,440,0.0003829292
0,Healthy,441,0.00029129305
0,Healthy,442,0.00061509846
0,Healthy,443,0.00043751614
0,Healthy,444,0.0003365603
0,Healthy,445,0.00048439496
0,Healthy,446,0.00063101464
0,Healthy,447,0.0005954757
0,Healthy,448,0.0005042925
0,Healthy,449,0.0005410467
0,Healthy,450,0.0007711707
0,Healthy,451,0.00072028866
0,Healthy,452,0.0004657701
0,Healthy,453,0.0004923513
0,Healthy,454,0.0008180386
0,Healthy,455,0.0005390711
0,Healthy,456,0.00061511446
0,Healthy,457,0.0005057391
0,Healthy,458,0.000533044
0,Healthy,459,0.00040027974
0,Healthy,460,0.00057189056
0,Healthy,461,0.000759551
0,Healthy,462,0.0005928758
0,Healthy,463,0.0005892983
0,Healthy,464,0.0005691575
0,Healthy,465,0.0004674535
0,Healthy,466,0.00044185956
0,Healthy,467,0.00061795354
0,Healthy,468,0.00064369245
0,Healthy,469,0.00029513703
0,Healthy,470,0.00035886734
0,Healthy,471,0.00071189756
0,Healthy,472,0.000547062
0,Healthy,473,0.00040205484
0,Healthy,474,0.00065806083
0,Healthy,475,0.0004831886
0,Healthy,476,0.00053825934
0,Healthy,477,0.0004458987
0,Healthy,478,0.00052203395
0,Healthy,479,0.00054496084
0,Healthy,480,0.0005675906
0,Healthy,481,0.0006875471
0,Healthy,482,0.0005150579
0,Healthy,483,0.0006992927
0,Healthy,484,0.0005613363
0,Healthy,485,0.00067659176
0,Healthy,486,0.0006913298
0,Healthy,487,0.00061071536
0,Healthy,488,0.0006071724
0,Healthy,489,0.00069111184
0,Healthy,490,0.0006896664
0,Healthy,491,0.00046211944
0,Healthy,492,0.00059548055
0,Healthy,493,0.0005056313
0,Healthy,494,0.0003957224
0,Healthy,495,0.00046264942
0,Healthy,496,0.00034428202
0,Healthy,497,0.0004820015
0,Healthy,498,0.00042067093
0,Healthy,499,0.00052466494
0,Healthy,500,0.0006024935
0,Healthy,501,0.00063349074
0,Healthy,502,0.00054597325
0,Healthy,503,0.0005547461
0,Healthy,504,0.00038271744
0,Healthy,505,0.0005179506
0,Healthy,506,0.00064203626
0,Healthy,507,0.00063230656
0,Healthy,508,0.00048579925
0,Healthy,509,0.00036573832
0,Healthy,510,0.00022595204
0,Healthy,511,0.0004274342
0,Healthy,512,0.00089539296
0,Healthy,513,0.00035102133
0,Healthy,514,0.0006770268
0,Healthy,515,0.0006911931
0,Healthy,516,0.0004904929
0,Healthy,517,0.00036772157
0,Healthy,518,0.0006466651
0,Healthy,519,0.00043474932
0,Healthy,520,0.0005403098
0,Healthy,521,0.00053375115
0,Healthy,522,0.00047636658
0,Healthy,523,0.00098986
0,Healthy,524,0.00060930604
0,Healthy,525,0.0005144771
0,Healthy,526,0.00042834823
0,Healthy,527,0.00034645724
0,Healthy,528,0.00041455246
0,Healthy,529,0.00066875736
0,Healthy,530,0.00059636956
0,Healthy,531,0.0005508488
0,Healthy,532,0.00031011974
0,Healthy,533,0.00037179107
0,Healthy,534,0.00052822323
0,Healthy,535,0.0010700661
0,Healthy,536,0.00027569153
0,Healthy,537,0.0003844216
0,Healthy,538,0.00041337337
0,Healthy,539,0.0003392498
0,Healthy,540,0.0004387616
0,Healthy,541,0.00038126152
0,Healthy,542,0.00050893164
0,Healthy,543,0.00036694016
0,Healthy,544,0.00038243507
0,Healthy,545,0.0005156881
0,Healthy,546,0.00040521208
0,Healthy,547,0.0013007014
0,Healthy,548,0.0003286079
0,Healthy,549,0.00051000185
0,Healthy,550,0.0005023471
0,Healthy,551,0.0006319668
0,Healthy,552,0.0005236914
0,Healthy,553,0.0006296462
0,Healthy,554,0.0004258214
0,Healthy,555,0.00050518586
0,Healthy,556,0.00035377845
0,Healthy,557,0.0003128763
0,Healthy,558,0.0004530867
0,Healthy,559,0.0004004736
0,Healthy,560,0.00040004667
0,Healthy,561,0.00045543248
0,Healthy,562,0.0006181654
0,Healthy,563,0.0005709985
0,Healthy,564,0.00021857713
0,Healthy,565,0.0004796108
0,Healthy,566,0.00039470577
0,Healthy,567,0.00086662965
0,Healthy,568,0.0003233502
0,Healthy,569,0.0009152869
0,Healthy,570,0.00058859633
0,Healthy,571,0.0003904433
0,Healthy,572,0.0004781494
0,Healthy,573,0.00033976027
0,Healthy,574,0.00034060635
0,Healthy,575,0.00044677377
0,Healthy,576,0.00030049964
0,Healthy,577,0.00052535185
0,Healthy,578,0.00052215677
0,Healthy,579,0.00044172865
0,Healthy,580,0.00051958417
0,Healthy,581,0.00086160447
0,Healthy,582,0.0011363025
0,Healthy,583,0.0008574992
0,Healthy,584,0.0007532968
0,Healthy,585,0.0008560042
0,Healthy,586,0.0009963633
0,Healthy,587,0.0011400842
0,Healthy,588,0.0010754236
0,Healthy,589,0.001152148
0,Healthy,590,0.00047465746
0,Healthy,591,0.00034834113
0,Healthy,592,0.00047468342
0,Healthy,593,0.0003167045
0,Healthy,594,0.00032580647
0,Healthy,595,0.0004914742
0,Healthy,596,0.001063719
0,Healthy,597,0.00036132708
0,Healthy,598,0.00068203325
0,Healthy,599,0.0004790888
0,Healthy,600,0.0003771229
0,Healthy,601,0.00032636483
0,Healthy,602,0.0005149585
0,Healthy,603,0.00056603533
0,Healthy,604,0.0005457294
0,Healthy,605,0.00041757466
0,Healthy,606,0.0011508358
0,Healthy,607,0.00049853587
0,Healthy,608,0.00055908144
0,Healthy,609,0.0009547586
0,Healthy,610,0.0006030371
0,Healthy,611,0.0003265688
0,Healthy,612,0.000291654
0,Healthy,613,0.0003774887
0,Healthy,614,0.0005106311
0,Healthy,615,0.00044130546
0,Healthy,616,0.0005250112
0,Healthy,617,0.0004260391
0,Healthy,618,0.0005964342
0,Healthy,619,0.00043498856
0,Healthy,620,0.0009570027
0,Healthy,621,0.00060243806
0,Healthy,622,0.00029014985
0,Healthy,623,0.0008987889
0,Healthy,624,0.0006421004
0,Healthy,625,0.00054722885
0,Healthy,626,0.0011025222
0,Healthy,627,0.00053891586
0,Healthy,628,0.0004367251
0,Healthy,629,0.00071885245
0,Healthy,630,0.00053547876
0,Healthy,631,0.0003183939
0,Healthy,632,0.0006804476
0,Healthy,633,0.0017689371
0,Healthy,634,0.00089675514
0,Healthy,635,0.0013771973
0,Healthy,636,0.0013829297
0,Healthy,637,0.00039829154
0,Healthy,638,0.0007861334
0,Healthy,639,0.00089718617
0,Healthy,640,0.0008256766
0,Healthy,641,0.0011777882
0,Healthy,642,0.001009434
0,Healthy,643,0.0003576409
0,Healthy,644,0.00049244147
0,Healthy,645,0.00032618616
0,Healthy,646,0.00045599838
0,Healthy,647,0.0006818546
0,Healthy,648,0.00080421707
0,Healthy,649,0.00073841534
0,Healthy,650,0.00051423156
0,Healthy,651,0.0009452503
0,Healthy,652,0.00044082195
0,Healthy,653,0.00063036627
0,Healthy,654,0.0010320194
0,Healthy,655,0.0009419281
0,Healthy,656,0.00096368365
0,Healthy,657,0.0010032138
0,Healthy,658,0.0016428819
0,Healthy,659,0.0017030741
0,Healthy,660,0.0008261545
0,Healthy,661,0.0011694635
0,Healthy,662,0.0007955723
0,Healthy,663,0.0022351604
0,Healthy,664,0.0005888414
0,Healthy,665,0.0005140211
0,Healthy,666,0.0004421524
0,Healthy,667,0.00037245936
0,Healthy,668,0.00025790287
0,Healthy,669,0.00053957285
0,Healthy,670,0.0005029045
0,Healthy,671,0.0003849091
0,Healthy,672,0.00036133276
0,Healthy,673,0.0004522955
0,Healthy,674,0.0005110398
0,Healthy,675,0.00043131088
0,Healthy,676,0.00037105515
0,Healthy,677,0.00051111943
0,Healthy,678,0.00065137923
0,Healthy,679,0.0005241172
0,Healthy,680,0.00048043183
0,Healthy,681,0.0007378176
0,Healthy,682,0.0007507774
0,Healthy,683,0.0005284767
0,Healthy,684,0.0008011852
0,Healthy,685,0.0007289813
0,Healthy,686,0.00044536608
0,Healthy,687,0.00060941343
0,Healthy,688,0.0007675327
0,Healthy,689,0.0007106062
0,Healthy,690,0.00058892
0,Healthy,691,0.00052443746
0,Healthy,692,0.0006428217
0,Healthy,693,0.00046199586
0,Healthy,694,0.0005573904
0,Healthy,695,0.00058236404
0,Healthy,696,0.0007085041
0,Healthy,697,0.0006299043
0,Healthy,698,0.00047133013
0,Healthy,699,0.00057053665
0,Healthy,700,0.00044783985
0,Healthy,701,0.00023121717
0,Healthy,702,0.00043553318
0,Healthy,703,0.0006490464
0,Healthy,704,0.0003130997
0,Healthy,705,0.0006338377
0,Healthy,706,0.0002890227
0,Healthy,707,0.00036664997
0,Healthy,708,0.00047371426
0,Healthy,709,0.0012426217
0,Healthy,710,0.0008973331
0,Healthy,711,0.0025572514
0,Healthy,712,0.0006389328
0,Healthy,713,0.000498112
0,Healthy,714,0.00062626833
0,Healthy,715,0.00088740024
0,Healthy,716,0.0011485552
0,Healthy,717,0.0017041267
0,Healthy,718,0.00074269535
0,Healthy,719,0.0010155722
0,Healthy,720,0.0016743492
0,Healthy,721,0.0013091244
0,Healthy,722,0.0008967148
0,Healthy,723,0.0005239807
0,Healthy,724,0.0004565588
0,Healthy,725,0.00037606317
0,Healthy,726,0.00070441293
0,Healthy,727,0.004813676
0,Healthy,728,0.000393365
0,Healthy,729,0.00087684364
0,Healthy,730,0.0004084971
0,Healthy,731,0.0006885708
0,Healthy,732,0.00022050564
0,Healthy,733,0.0004470761
0,Healthy,734,0.0020519588
0,Healthy,735,0.0013987158
0,Healthy,736,0.0011726504
0,Healthy,737,0.0015403235
0,Healthy,738,0.0013519431
0,Healthy,739,0.00043060427
0,Healthy,740,0.0005761369
0,Healthy,741,0.0005064092
0,Healthy,742,0.00035652975
0,Healthy,743,0.0015679703
0,Healthy,744,0.0010458333
0,Healthy,745,0.0011511176
0,Healthy,746,0.00085180654
0,Healthy,747,0.0006509309
0,Healthy,748,0.0007162872
0,Healthy,749,0.0010190163
0,Healthy,750,0.0011806615
0,Healthy,751,0.002169661
0,Healthy,752,0.0009718968
0,Healthy,753,0.00029123732
0,Healthy,754,0.00050737394
0,Healthy,755,0.0006832436
0,Healthy,756,0.0003961148
0,Healthy,757,0.00055296125
0,Healthy,758,0.0008620017
0,Healthy,759,0.00090261793
0,Healthy,760,0.0007596065
0,Healthy,761,0.0007271224
0,Healthy,762,0.00057755475
0,Healthy,763,0.00051772356
0,Healthy,764,0.0008412611
0,Healthy,765,0.00047128127
0,Healthy,766,0.0005093461
0,Healthy,767,0.00080401165
0,Healthy,768,0.00057242415
0,Healthy,769,0.0006681805
0,Healthy,770,0.00045101583
0,Healthy,771,0.0008811877
0,Healthy,772,0.0010198333
0,Healthy,773,0.001326143
0,Healthy,774,0.0008482238
0,Healthy,775,0.001477966
0,Healthy,776,0.0005786981
0,Healthy,777,0.0007895437
0,Healthy,778,0.00053082954
0,Healthy,779,0.0006243404
0,Healthy,780,0.0005495503
0,Healthy,781,0.0008161913
0,Healthy,782,0.00052587915
0,Healthy,783,0.0014399145
0,Healthy,784,0.00080817007
0,Healthy,785,0.00044220735
0,Healthy,786,0.00082620734
0,Healthy,787,0.001049489
0,Healthy,788,0.00034383262
0,Healthy,789,0.00050573936
0,Healthy,790,0.0007696362
0,Healthy,791,0.0014029396
0,Healthy,792,0.0004164424
0,Healthy,793,0.00072908914
0,Healthy,794,0.0011917477
0,Healthy,795,0.0012923266
0,Healthy,796,0.0006476543
0,Healthy,797,0.00041901536
0,Healthy,798,0.0005963292
0,Healthy,799,0.0007763148
0,Healthy,800,0.0007256514
0,Healthy,801,0.0012986657
0,Healthy,802,0.00056383386
0,Healthy,803,0.0005403112
0,Healthy,804,0.00056182785
0,Healthy,805,0.000452758
0,Healthy,806,0.00044486337
0,Healthy,807,0.00046810924
0,Healthy,808,0.00047006298
0,Healthy,809,0.00088350906
0,Healthy,810,0.0009878793
0,Healthy,811,0.00043250073
0,Healthy,812,0.0005348674
0,Healthy,813,0.0003916753
0,Healthy,814,0.00051956094
0,Healthy,815,0.00057321024
0,Healthy,816,0.0008740418
0,Healthy,817,0.00041776293
0,Healthy,818,0.0003038864
0,Healthy,819,0.0003667535
0,Healthy,820,0.00047592842
0,Healthy,821,0.00083544815
0,Healthy,822,0.0007643156
0,Healthy,823,0.00088261394
0,Healthy,824,0.00073364394
0,Healthy,825,0.0009940838
0,Healthy,826,0.00065796985
0,Healthy,827,0.0006211615
0,Healthy,828,0.0008420976
0,Healthy,829,0.0009253392
0,Healthy,830,0.00078202086
0,Healthy,831,0.0016066555
0,Healthy,832,0.00046852246
0,Healthy,833,0.00059311156
0,Healthy,834,0.00058801944
0,Healthy,835,0.0007551278
0,Healthy,836,0.00047813167
0,Healthy,837,0.00087002426
0,Healthy,838,0.00082943775
0,Healthy,839,0.00058324944
0,Healthy,840,0.0006178774
0,Healthy,841,0.0011331881
0,Healthy,842,0.000530952
0,Healthy,843,0.00034941506
0,Healthy,844,0.0007112444
0,Healthy,845,0.00055435067
0,Healthy,846,0.00073344604
0,Healthy,847,0.0011460775
0,Healthy,848,0.0008143689
0,Healthy,849,0.0006311538
0,Healthy,850,0.000792937
0,Healthy,851,0.00170894
0,Healthy,852,0.00059284695
0,Healthy,853,0.0007947061
0,Healthy,854,0.0011453667
0,Healthy,855,0.0010896402
0,Healthy,856,0.00037740494
0,Healthy,857,0.0004199315
0,Healthy,858,0.0006282752
0,Healthy,859,0.00045032665
0,Healthy,860,0.0006869106
0,Healthy,861,0.0005503815
0,Healthy,862,0.0003370855
0,Healthy,863,0.00063811854
0,Healthy,864,0.00050936366
0,Healthy,865,0.00062378304
0,Healthy,866,0.0007187351
0,Healthy,867,0.0011274539
0,Healthy,868,0.00064249843
0,Healthy,869,0.0003559052
0,Healthy,870,0.00038482063
0,Healthy,871,0.00074780633
0,Healthy,872,0.000558758
0,Healthy,873,0.0009143255
0,Healthy,874,0.00089395203
0,Healthy,875,0.0006228907
0,Healthy,876,0.0006154567
0,Healthy,877,0.0008924055
0,Healthy,878,0.00092049665
0,Healthy,879,0.0006255957
0,Healthy,880,0.00034861025
0,Healthy,881,0.0010701212
0,Healthy,882,0.00046017556
0,Healthy,883,0.00051129726
0,Healthy,884,0.0007636893
0,Healthy,885,0.000575489
0,Healthy,886,0.0007201794
0,Healthy,887,0.0013594904
0,Healthy,888,0.00059186853
0,Healthy,889,0.00058970304
0,Healthy,890,0.0005507079
0,Healthy,891,0.0004949763
0,Healthy,892,0.00087660045
0,Healthy,893,0.0005563072
0,Healthy,894,0.00057596376
0,Healthy,895,0.0010416957
0,Healthy,896,0.00038298202
0,Healthy,897,0.00082247437
0,Healthy,898,0.0004238409
0,Healthy,899,0.0007033492
0,Healthy,900,0.0008909018
0,Healthy,901,0.0005452019
0,Healthy,902,0.0004889952
0,Healthy,903,0.0007581588
0,Healthy,904,0.00083326886
0,Healthy,905,0.00077532686
0,Healthy,906,0.0007306332
0,Healthy,907,0.00069896184
0,Healthy,908,0.0010750444
0,Healthy,909,0.0007496207
0,Healthy,910,0.00073063246
0,Healthy,911,0.0010388319
0,Healthy,912,0.0055322726
0,Healthy,913,0.0011464047
0,Healthy,914,0.0010364063
0,Healthy,915,0.0011101167
0,Healthy,916,0.0011499033
0,Healthy,917,0.0013415405
0,Healthy,918,0.0007224983
0,Healthy,919,0.00041430964
0,Healthy,920,0.00060073705
0,Healthy,921,0.00096385926
0,Healthy,922,0.0004895306
0,Healthy,923,0.0009261244
0,Healthy,924,0.0001863556
0,Healthy,925,0.00040551872
0,Healthy,926,0.0005622571
0,Healthy,927,0.00052096596
0,Healthy,928,0.00059746637
0,Healthy,929,0.00048625525
0,Healthy,930,0.0005779963
0,Healthy,931,0.00092570315
0,Healthy,932,0.00050035527
0,Healthy,933,0.0004683189
0,Healthy,934,0.0009347368
0,Healthy,935,0.0012507781
0,Healthy,936,0.0012400155
0,Healthy,937,0.0014743048
0,Healthy,938,0.00079622684
0,Healthy,939,0.00046622992
0,Healthy,940,0.0003911329
0,Healthy,941,0.00058840687
0,Healthy,942,0.0007026188
0,Healthy,943,0.0005987041
0,Healthy,944,0.00025857837
0,Healthy,945,0.00039384837
0,Healthy,946,0.00043169505
0,Healthy,947,0.00043933108
0,Healthy,948,0.0013057573
0,Healthy,949,0.00065206975
0,Healthy,950,0.00051006285
0,Healthy,951,0.0006645839
0,Healthy,952,0.00042059494
0,Healthy,953,0.0005045077
0,Healthy,954,0.0004228763
0,Healthy,955,0.0005297471
0,Healthy,956,0.00026287715
0,Healthy,957,0.00054438366
0,Healthy,958,0.00028861794
0,Healthy,959,0.0005685905
0,Healthy,960,0.0003891958
0,Healthy,961,0.0007223116
0,Healthy,962,0.0006292076
0,Healthy,963,0.0008214164
0,Healthy,964,0.00049516093
0,Healthy,965,0.0010533266
0,Healthy,966,0.0013877187
0,Healthy,967,0.0013483104
0,Healthy,968,0.00065737346
0,Healthy,969,0.0005904699
0,Healthy,970,0.00065323873
0,Healthy,971,0.001023303
0,Healthy,972,0.00036448598
0,Healthy,973,0.0008344028
0,Healthy,974,0.00048085945
0,Healthy,975,0.00046252602
0,Healthy,976,0.00048722816
0,Healthy,977,0.00037781242
0,Healthy,978,0.00048352728
0,Healthy,979,0.0009140417
0,Healthy,980,0.00055269187
0,Healthy,981,0.00073729036
0,Healthy,982,0.00053460477
0,Healthy,983,0.000993794
0,Healthy,984,0.001016209
0,Healthy,985,0.00043566187
0,Healthy,986,0.0006694818
0,Healthy,987,0.00029943706
0,Healthy,988,0.0004912535
0,Healthy,989,0.00042304475
0,Healthy,990,0.00032958007
0,Healthy,991,0.00047398463
0,Healthy,992,0.0009936594
0,Healthy,993,0.00045064013
0,Healthy,994,0.00089634553
0,Healthy,995,0.000495605
0,Healthy,996,0.00037938525
0,Healthy,997,0.00042661442
0,Healthy,998,0.0005681933
0,Healthy,999,0.0005195247
0,Healthy,1000,0.00055782497
0,Healthy,1001,0.0006990157
0,Healthy,1002,0.00040395348
0,Healthy,1003,0.0008563822
0,Healthy,1004,0.0004877415
0,Healthy,1005,0.00054914004
0,Healthy,1006,0.0009625059
0,Healthy,1007,0.0006755449
0,Healthy,1008,0.0012268274
0,Healthy,1009,0.0007948018
0,Healthy,1010,0.0006491407
0,Healthy,1011,0.0006378536
0,Healthy,1012,0.000309235
0,Healthy,1013,0.00043431314
0,Healthy,1014,0.000873349
0,Healthy,1015,0.00064364803
0,Healthy,1016,0.0017537461
0,Healthy,1017,0.0015702299
0,Healthy,1018,0.00086360844
0,Healthy,1019,0.0013585223
0,Healthy,1020,0.000688769
0,Healthy,1021,0.000807416
0,Healthy,1022,0.0004482172
0,Healthy,1023,0.0005446698
0,Healthy,1024,0.00058739126
0,Healthy,1025,0.0007556581
0,Healthy,1026,0.00084456115
0,Healthy,1027,0.0009996605
0,Healthy,1028,0.00030206257
0,Healthy,1029,0.0004942391
0,Healthy,1030,0.0005019895
0,Healthy,1031,0.0006238977
0,Healthy,1032,0.00079791364
0,Healthy,1033,0.00085209886
0,Healthy,1034,0.0010864186
0,Healthy,1035,0.0012398821
0,Healthy,1036,0.0005838719
0,Healthy,1037,0.0004904379
0,Healthy,1038,0.00039897914
0,Healthy,1039,0.00036597546
0,Healthy,1040,0.0004786974
0,Healthy,1041,0.00034039025
0,Healthy,1042,0.0007727401
0,Healthy,1043,0.00084230065
0,Healthy,1044,0.000629698
0,Healthy,1045,0.00074251933
0,Healthy,1046,0.0006905102
0,Healthy,1047,0.00062090886
0,Healthy,1048,0.0005756382
0,Healthy,1049,0.0012349086
0,Healthy,1050,0.00043256168
0,Healthy,1051,0.0006137499
0,Healthy,1052,0.00045327217
0,Healthy,1053,0.00074948615
0,Healthy,1054,0.0005984129
0,Healthy,1055,0.0005946692
0,Healthy,1056,0.00045512515
0,Healthy,1057,0.00051819783
0,Healthy,1058,0.0005364735
0,Healthy,1059,0.00048863364
0,Healthy,1060,0.0007912966
0,Healthy,1061,0.0009162646
0,Healthy,1062,0.0005030584
0,Healthy,1063,0.0007350818
0,Healthy,1064,0.0009454094
0,Healthy,1065,0.00090963504
0,Healthy,1066,0.00027849546
0,Healthy,1067,0.0005221421
0,Healthy,1068,0.0008456118
0,Healthy,1069,0.0006604408
0,Healthy,1070,0.0011433795
0,Healthy,1071,0.0010708543
0,Healthy,1072,0.00043055246
0,Healthy,1073,0.0010940074
0,Healthy,1074,0.00055781193
0,Healthy,1075,0.0005284728
0,Healthy,1076,0.00063847593
0,Healthy,1077,0.00092150917
0,Healthy,1078,0.00048997207
0,Healthy,1079,0.00035955568
0,Healthy,1080,0.00095942616
0,Healthy,1081,0.0007577158
0,Healthy,1082,0.00074882974
0,Healthy,1083,0.00063089863
0,Healthy,1084,0.0013945341
0,Healthy,1085,0.0006734272
0,Healthy,1086,0.0007006689
0,Healthy,1087,0.0007335265
0,Healthy,1088,0.00044853994
0,Healthy,1089,0.0007880573
0,Healthy,1090,0.00044407268
0,Healthy,1091,0.00090660714
0,Healthy,1092,0.00067446375
0,Healthy,1093,0.0009997227
0,Healthy,1094,0.0009206632
0,Healthy,1095,0.00058899575
0,Healthy,1096,0.00062170567
0,Healthy,1097,0.0009614625
0,Healthy,1098,0.00036656737
0,Healthy,1099,0.0006152576
0,Healthy,1100,0.0005849693
0,Healthy,1101,0.0005267525
0,Healthy,1102,0.0012074372
0,Healthy,1103,0.0004901149
0,Healthy,1104,0.0007925758
0,Healthy,1105,0.00045272225
0,Healthy,1106,0.0004774943
0,Healthy,1107,0.0004847648
0,Healthy,1108,0.0005977475
0,Healthy,1109,0.0008836493
0,Healthy,1110,0.00043893795
0,Healthy,1111,0.00041529626
0,Healthy,1112,0.00075435266
0,Healthy,1113,0.0006499719
0,Healthy,1114,0.0008939081
0,Healthy,1115,0.0011674957
0,Healthy,1116,0.00043684174
0,Healthy,1117,0.0005889002
0,Healthy,1118,0.00040352772
0,Healthy,1119,0.0008781991
0,Healthy,1120,0.00045238485
0,Healthy,1121,0.000675542
0,Healthy,1122,0.0009924339
0,Healthy,1123,0.00039137606
0,Healthy,1124,0.0003939693
0,Healthy,1125,0.0004903861
0,Healthy,1126,0.00032880023
0,Healthy,1127,0.00051246386
0,Healthy,1128,0.0002370006
0,Healthy,1129,0.0004197529
0,Healthy,1130,0.0004981791
0,Healthy,1131,0.00050920004
0,Healthy,1132,0.00038322862
0,Healthy,1133,0.000645621
0,Healthy,1134,0.00051702466
0,Healthy,1135,0.0003502205
0,Healthy,1136,0.00037373186
0,Healthy,1137,0.0005450199
0,Healthy,1138,0.00039245325
0,Healthy,1139,0.0004737086
0,Healthy,1140,0.00040026422
0,Healthy,1141,0.00054697064
0,Healthy,1142,0.00051472196
0,Healthy,1143,0.0006189088
0,Healthy,1144,0.000564713
0,Healthy,1145,0.0004589011
0,Healthy,1146,0.0006966464
0,Healthy,1147,0.0005984049
0,Healthy,1148,0.00044868537
0,Healthy,1149,0.00044657494
0,Healthy,1150,0.00085131853
0,Healthy,1151,0.0005361875
0,Healthy,1152,0.00049115677
0,Healthy,1153,0.00079838844
0,Healthy,1154,0.0010297382
0,Healthy,1155,0.0023913765
0,Healthy,1156,0.00060736074
0,Healthy,1157,0.0003493419
0,Healthy,1158,0.00041864163
0,Healthy,1159,0.0005106441
0,Healthy,1160,0.00041694863
0,Healthy,1161,0.00039799794
0,Healthy,1162,0.0003441386
0,Healthy,1163,0.0006767072
0,Healthy,1164,0.0005556827
0,Healthy,1165,0.00036260724
0,Healthy,1166,0.00019901658
0,Healthy,1167,0.00044389686
0,Healthy,1168,0.0004213835
0,Healthy,1169,0.001087039
0,Healthy,1170,0.0005944746
0,Healthy,1171,0.0006804717
0,Healthy,1172,0.00026447087
0,Healthy,1173,0.00036092417
0,Healthy,1174,0.0006085214
0,Healthy,1175,0.001408477
0,Healthy,1176,0.00031734142
0,Healthy,1177,0.00030419152
0,Healthy,1178,0.0006042728
0,Healthy,1179,0.0005084245
0,Healthy,1180,0.0002930372
0,Healthy,1181,0.00053697074
0,Healthy,1182,0.0005546862
0,Healthy,1183,0.0008451253
0,Healthy,1184,0.0005400698
0,Healthy,1185,0.0007811153
0,Healthy,1186,0.00062783586
0,Healthy,1187,0.00053253095
0,Healthy,1188,0.0003158749
0,Healthy,1189,0.00042692598
0,Healthy,1190,0.00048624314
0,Healthy,1191,0.0004328407
0,Healthy,1192,0.00024515638
0,Healthy,1193,0.0004621068
0,Healthy,1194,0.00026822026
0,Healthy,1195,0.0005188223
0,Healthy,1196,0.00032278986
0,Healthy,1197,0.0005176928
0,Healthy,1198,0.00043550975
0,Healthy,1199,0.0009250309
0,Healthy,1200,0.00046887514
0,Healthy,1201,0.00079172576
0,Healthy,1202,0.00035738316
0,Healthy,1203,0.0005265627
0,Healthy,1204,0.0003781664
0,Healthy,1205,0.00045629268
0,Healthy,1206,0.0006401666
0,Healthy,1207,0.0004672556
0,Healthy,1208,0.00045127328
0,Healthy,1209,0.0006280377
0,Healthy,1210,0.00075109594
0,Healthy,1211,0.0005561629
0,Healthy,1212,0.00033076236
0,Healthy,1213,0.0004753584
0,Healthy,1214,0.0004532538
0,Healthy,1215,0.000986518
0,Healthy,1216,0.0009461383
0,Healthy,1217,0.0005977204
0,Healthy,1218,0.0004887255
0,Healthy,1219,0.00035914077
0,Healthy,1220,0.00046863942
0,Healthy,1221,0.0007769152
0,Healthy,1222,0.00065900706
0,Healthy,1223,0.0005077435
0,Healthy,1224,0.00053468696
0,Healthy,1225,0.0007296652
0,Healthy,1226,0.0008210833
0,Healthy,1227,0.00065449235
0,Healthy,1228,0.0002722999
0,Healthy,1229,0.0004715627
0,Healthy,1230,0.00033064128
0,Healthy,1231,0.0004617781
0,Healthy,1232,0.0004451937
0,Healthy,1233,0.00030885334
0,Healthy,1234,0.00030867464
0,Healthy,1235,0.0006904424
0,Healthy,1236,0.0002514454
0,Healthy,1237,0.0004625489
0,Healthy,1238,0.00038080546
0,Healthy,1239,0.00053248287
0,Healthy,1240,0.00028166265
0,Healthy,1241,0.00046687212
0,Healthy,1242,0.0006625511
0,Healthy,1243,0.00046153588
0,Healthy,1244,0.000558901
0,Healthy,1245,0.0005929559
0,Healthy,1246,0.0006057412
0,Healthy,1247,0.00043091035
0,Healthy,1248,0.0012744494
0,Healthy,1249,0.0013199298
0,Healthy,1250,0.00039475167
0,Healthy,1251,0.0006222907
0,Healthy,1252,0.00042577053
0,Healthy,1253,0.0005055394
0,Healthy,1254,0.00031207886
0,Healthy,1255,0.00046332725
0,Healthy,1256,0.0003693812
0,Healthy,1257,0.00053730706
0,Healthy,1258,0.00038619933
0,Healthy,1259,0.0007166275
0,Healthy,1260,0.00065701245
0,Healthy,1261,0.00038453314
0,Healthy,1262,0.00038336043
0,Healthy,1263,0.00080696674
0,Healthy,1264,0.0004612547
0,Healthy,1265,0.0009767374
0,Healthy,1266,0.0013429966
0,Healthy,1267,0.0010401936
0,Healthy,1268,0.00065831287
0,Healthy,1269,0.0003251846
0,Healthy,1270,0.0004575708
0,Healthy,1271,0.00035514685
0,Healthy,1272,0.00058239757
0,Healthy,1273,0.0003617503
0,Healthy,1274,0.0004198415
0,Healthy,1275,0.0003384891
0,Healthy,1276,0.0009451143
0,Healthy,1277,0.0005966557
0,Healthy,1278,0.00045839316
0,Healthy,1279,0.000666735
0,Healthy,1280,0.0009147996
0,Healthy,1281,0.00035146397
0,Healthy,1282,0.0005233406
0,Healthy,1283,0.00032907928
0,Healthy,1284,0.0003176964
0,Healthy,1285,0.00088782655
0,Healthy,1286,0.00071387185
0,Healthy,1287,0.0007963844
0,Healthy,1288,0.00055147556
0,Healthy,1289,0.00092152134
0,Healthy,1290,0.00025925972
0,Healthy,1291,0.0003647621
0,Healthy,1292,0.0005422886
0,Healthy,1293,0.0005529034
0,Healthy,1294,0.00044117478
0,Healthy,1295,0.000317031
0,Healthy,1296,0.00034145956
0,Healthy,1297,0.00046925567
0,Healthy,1298,0.0004309535
0,Healthy,1299,0.0004091839
0,Healthy,1300,0.0002188628
0,Healthy,1301,0.0005959407
0,Healthy,1302,0.00056137814
0,Healthy,1303,0.0006703357
0,Healthy,1304,0.001184317
0,Healthy,1305,0.00067976036
0,Healthy,1306,0.00049485185
0,Healthy,1307,0.0006693054
0,Healthy,1308,0.00020939136
0,Healthy,1309,0.0008402341
0,Healthy,1310,0.0006495185
0,Healthy,1311,0.0004036365
0,Healthy,1312,0.0006310834
0,Healthy,1313,0.00025759015
0,Healthy,1314,0.00030518492
0,Healthy,1315,0.0007216936
0,Healthy,1316,0.0002947199
0,Healthy,1317,0.00026340605
0,Healthy,1318,0.000378227
0,Healthy,1319,0.00068789086
0,Healthy,1320,0.00096933113
0,Healthy,1321,0.0006756843
0,Healthy,1322,0.00082355435
0,Healthy,1323,0.00065186265
0,Healthy,1324,0.0002678182
0,Healthy,1325,0.0005322883
0,Healthy,1326,0.00050063786
0,Healthy,1327,0.0003595421
0,Healthy,1328,0.00044593078
0,Healthy,1329,0.0004902314
0,Healthy,1330,0.0004352185
0,Healthy,1331,0.00058866205
0,Healthy,1332,0.0003055246
0,Healthy,1333,0.00035648287
0,Healthy,1334,0.00036731584
0,Healthy,1335,0.00041750277
0,Healthy,1336,0.0007486931
0,Healthy,1337,0.00051126274
0,Healthy,1338,0.00062811264
0,Healthy,1339,0.0003517949
0,Healthy,1340,0.00070980703
0,Healthy,1341,0.000536309
0,Healthy,1342,0.0008176637
0,Healthy,1343,0.0016383876
0,Healthy,1344,0.0007710904
0,Healthy,1345,0.0006507848
0,Healthy,1346,0.0010386467
0,Healthy,1347,0.00061993586
0,Healthy,1348,0.00043274125
0,Healthy,1349,0.000655617
0,Healthy,1350,0.0005940382
0,Healthy,1351,0.0005954558
0,Healthy,1352,0.00049245154
0,Healthy,1353,0.00071538694
0,Healthy,1354,0.0005157471
0,Healthy,1355,0.00070959615
0,Healthy,1356,0.0006331148
0,Healthy,1357,0.0010195184
0,Healthy,1358,0.0007344077
0,Healthy,1359,0.0007344581
0,Healthy,1360,0.00078184484
0,Healthy,1361,0.0007897442
0,Healthy,1362,0.00080996676
0,Healthy,1363,0.00054950255
0,Healthy,1364,0.00033642768
0,Healthy,1365,0.0003874037
0,Healthy,1366,0.00046835665
0,Healthy,1367,0.0004084847
0,Healthy,1368,0.00036339217
0,Healthy,1369,0.0005294798
0,Healthy,1370,0.0002633084
0,Healthy,1371,0.00047973398
0,Healthy,1372,0.0005603733
0,Healthy,1373,0.00045023535
0,Healthy,1374,0.0004713341
0,Healthy,1375,0.00047201288
0,Healthy,1376,0.00043382705
0,Healthy,1377,0.0009236013
0,Healthy,1378,0.00039654464
0,Healthy,1379,0.0002872623
0,Healthy,1380,0.00080672593
0,Healthy,1381,0.0008466508
0,Healthy,1382,0.00041405763
0,Healthy,1383,0.0005844551
0,Healthy,1384,0.00045262676
0,Healthy,1385,0.00048063407
0,Healthy,1386,0.00067596586
0,Healthy,1387,0.0005992996
0,Healthy,1388,0.001085802
0,Healthy,1389,0.00092137366
0,Healthy,1390,0.00069963525
0,Healthy,1391,0.0006210859
0,Healthy,1392,0.00085720164
0,Healthy,1393,0.0006689784
0,Healthy,1394,0.0004635171
0,Healthy,1395,0.00081891986
0,Healthy,1396,0.0005300265
0,Healthy,1397,0.000783202
0,Healthy,1398,0.0012968131
0,Healthy,1399,0.0006643085
0,Healthy,1400,0.0009748476
0,Healthy,1401,0.00071343663
0,Healthy,1402,0.00042453982
0,Healthy,1403,0.0006203923
0,Healthy,1404,0.00073084125
0,Healthy,1405,0.00049434253
0,Healthy,1406,0.00059613003
0,Healthy,1407,0.00056417426
0,Healthy,1408,0.00043218836
0,Healthy,1409,0.00059854594
0,Healthy,1410,0.00050714286
0,Healthy,1411,0.0005617417
0,Healthy,1412,0.0004532383
0,Healthy,1413,0.0008065117
0,Healthy,1414,0.0009881068
0,Healthy,1415,0.00062950415
0,Healthy,1416,0.0006013397
0,Healthy,1417,0.00049115915
0,Healthy,1418,0.00053834205
0,Healthy,1419,0.00066825666
0,Healthy,1420,0.00072287046
0,Healthy,1421,0.0005324283
0,Healthy,1422,0.00069297035
0,Healthy,1423,0.00045263005
0,Healthy,1424,0.0006284429
0,Healthy,1425,0.0008043043
0,Healthy,1426,0.00053471175
0,Healthy,1427,0.00037265348
0,Healthy,1428,0.00052912737
0,Healthy,1429,0.00026039922
0,Healthy,1430,0.0004963861
0,Healthy,1431,0.0004997246
0,Healthy,1432,0.00043895323
0,Healthy,1433,0.00047354703
0,Healthy,1434,0.00041449151
0,Healthy,1435,0.0003292269
0,Healthy,1436,0.00036487644
0,Healthy,1437,0.000749323
0,Healthy,1438,0.00038182669
0,Healthy,1439,0.0002500931
1,Depression,0,0.0003415331
1,Depression,1,0.00068715325
1,Depression,2,0.00094873377
1,Depression,3,0.0006968121
1,Depression,4,0.000494533
1,Depression,5,0.0011089613
1,Depression,6,0.000944569
1,Depression,7,0.0014613959
1,Depression,8,0.0012678461
1,Depression,9,0.0014090353
1,Depression,10,0.0015124752
1,Depression,11,0.0013993047
1,Depression,12,0.0014142565
1,Depression,13,0.0014215484
1,Depression,14,0.0013298875
1,Depression,15,0.0010479897
1,Depression,16,0.0008078089
1,Depression,17,0.0011559356
1,Depression,18,0.0011966458
1,Depression,19,0.001115033
1,Depression,20,0.0008339119
1,Depression,21,0.0010644596
1,Depression,22,0.0012420745
1,Depression,23,0.0010793827
1,Depression,24,0.00086418935
1,Depression,25,0.0009086688
1,Depression,26,0.0009887178
1,Depression,27,0.001193497
1,Depression,28,0.0013413859
1,Depression,29,0.0014263552
1,Depression,30,0.0010576074
1,Depression,31,0.0009394243
1,Depression,32,0.00093073153
1,Depression,33,0.0011800047
1,Depression,34,0.0011241419
1,Depression,35,0.0011382687
1,Depression,36,0.0008296631
1,Depression,37,0.0011017048
1,Depression,38,0.0009966684
1,Depression,39,0.0011521379
1,Depression,40,0.0008914639
1,Depression,41,0.0015155165
1,Depression,42,0.001163365
1,Depression,43,0.0011945318
1,Depression,44,0.0009513165
1,Depression,45,0.0012744527
1,Depression,46,0.0011941907
1,Depression,47,0.001381102
1,Depression,48,0.0009851917
1,Depression,49,0.001498329
1,Depression,50,0.0009667504
1,Depression,51,0.001283963
1,Depression,52,0.0007803634
1,Depression,53,0.001467562
1,Depression,54,0.0011972091
1,Depression,55,0.0013498509
1,Depression,56,0.0008063872
1,Depression,57,0.0011959443
1,Depression,58,0.0011410462
1,Depression,59,0.0013174729
1,Depression,60,0.000995057
1,Depression,61,0.002016691
1,Depression,62,0.0012217971
1,Depression,63,0.001231839
1,Depression,64,0.0007172288
1,Depression,65,0.0010147705
1,Depression,66,0.0007328024
1,Depression,67,0.001199489
1,Depression,68,0.0008152782
1,Depression,69,0.0011220028
1,Depression,70,0.0009230314
1,Depression,71,0.0012527844
1,Depression,72,0.0010437955
1,Depression,73,0.0013481372
1,Depression,74,0.0010162282
1,Depression,75,0.0012253601
1,Depression,76,0.0010144853
1,Depression,77,0.0014624166
1,Depression,78,0.0010863026
1,Depression,79,0.001356398
1,Depression,80,0.0008680455
1,Depression,81,0.001345833
1,Depression,82,0.0011916352
1,Depression,83,0.0016176888
1,Depression,84,0.00081544684
1,Depression,85,0.0013163643
1,Depression,86,0.0010722148
1,Depression,87,0.0013017437
1,Depression,88,0.0009923858
1,Depression,89,0.0013345578
1,Depression,90,0.0013437722
1,Depression,91,0.0013457328
1,Depression,92,0.0013974198
1,Depression,93,0.0016512037
1,Depression,94,0.0013570656
1,Depression,95,0.0013368896
1,Depression,96,0.00088544504
1,Depression,97,0.0015554302
1,Depression,98,0.0011239162
1,Depression,99,0.0013741408
1,Depression,100,0.00075543
1,Depression,101,0.0015070408
1,Depression,102,0.0012580296
1,Depression,103,0.0014043537
1,Depression,104,0.0008979698
1,Depression,105,0.0013200443
1,Depression,106,0.0012542396
1,Depression,107,0.0014040876
1,Depression,108,0.00087529665
1,Depression,109,0.0014400535
1,Depression,110,0.0011433507
1,Depression,111,0.0014101071
1,Depression,112,0.0008291897
1,Depression,113,0.0012819559
1,Depression,114,0.001177727
1,Depression,115,0.0013076722
1,Depression,116,0.00082973996
1,Depression,117,0.0012149716
1,Depression,118,0.0009915644
1,Depression,119,0.0013687009
1,Depression,120,0.0009554148
1,Depression,121,0.0013256021
1,Depression,122,0.001150418
1,Depression,123,0.0013509978
1,Depression,124,0.00082861533
1,Depression,125,0.0011864874
1,Depression,126,0.0010326775
1,Depression,127,0.0012731287
1,Depression,128,0.0007804444
1,Depression,129,0.0014641008
1,Depression,130,0.0011937651
1,Depression,131,0.0012013562
1,Depression,132,0.0010098619
1,Depression,133,0.0012934901
1,Depression,134,0.0010455437
1,Depression,135,0.0014936933
1,Depression,136,0.000845087
1,Depression,137,0.0012979843
1,Depression,138,0.0009155492
1,Depression,139,0.0012662768
1,Depression,140,0.0009915604
1,Depression,141,0.0012249056
1,Depression,142,0.0011857579
1,Depression,143,0.0014005243
1,Depression,144,0.00088338694
1,Depression,145,0.0012384553
1,Depression,146,0.0011031217
1,Depression,147,0.0013157695
1,Depression,148,0.000997059
1,Depression,149,0.0014475748
1,Depression,150,0.00094950624
1,Depression,151,0.001069194
1,Depression,152,0.00074188394
1,Depression,153,0.0014894982
1,Depression,154,0.0014644735
1,Depression,155,0.0014015584
1,Depression,156,0.0008330481
1,Depression,157,0.0010499532
1,Depression,158,0.0008327607
1,Depression,159,0.0011283315
1,Depression,160,0.00095629744
1,Depression,161,0.0010933749
1,Depression,162,0.0010473963
1,Depression,163,0.0010347499
1,Depression,164,0.0008961229
1,Depression,165,0.001081753
1,Depression,166,0.0010495605
1,Depression,167,0.0010579963
1,Depression,168,0.00082357676
1,Depression,169,0.0012591578
1,Depression,170,0.00096941815
1,Depression,171,0.0010312704
1,Depression,172,0.0008120263
1,Depression,173,0.0012971668
1,Depression,174,0.0011039185
1,Depression,175,0.0014523447
1,Depression,176,0.00082669
1,Depression,177,0.0015571472
1,Depression,178,0.0010146997
1,Depression,179,0.0015227195
1,Depression,180,0.0010265632
1,Depression,181,0.0014865077
1,Depression,182,0.0010569606
1,Depression,183,0.0015780451
1,Depression,184,0.0008632035
1,Depression,185,0.0012322459
1,Depression,186,0.0010670499
1,Depression,187,0.0013950638
1,Depression,188,0.00085184164
1,Depression,189,0.0012012541
1,Depression,190,0.0009988317
1,Depression,191,0.0014265764
1,Depression,192,0.00087099447
1,Depression,193,0.0012302932
1,Depression,194,0.0010526238
1,Depression,195,0.0013142595
1,Depression,196,0.0007720555
1,Depression,197,0.0012526296
1,Depression,198,0.0010289234
1,Depression,199,0.0012533972
1,Depression,200,0.0008304201
1,Depression,201,0.0015698321
1,Depression,202,0.001211538
1,Depression,203,0.0013655324
1,Depression,204,0.0008846828
1,Depression,205,0.0015348239
1,Depression,206,0.0011115152
1,Depression,207,0.001426
1,Depression,208,0.0009783973
1,Depression,209,0.0015824332
1,Depression,210,0.0010348355
1,Depression,211,0.0015400021
1,Depression,212,0.0009359943
1,Depression,213,0.0017039308
1,Depression,214,0.0011486778
1,Depression,215,0.0015295093
1,Depression,216,0.0008095698
1,Depression,217,0.0015554498
1,Depression,218,0.0010862383
1,Depression,219,0.0014220248
1,Depression,220,0.0010154588
1,Depression,221,0.0014703913
1,Depression,222,0.0011479305
1,Depression,223,0.0013364207
1,Depression,224,0.00082839275
1,Depression,225,0.0014262572
1,Depression,226,0.0010288208
1,Depression,227,0.0013962883
1,Depression,228,0.00063975895
1,Depression,229,0.001396261
1,Depression,230,0.0012024578
1,Depression,231,0.0016433821
1,Depression,232,0.0008539501
1,Depression,233,0.0014547606
1,Depression,234,0.0009738363
1,Depression,235,0.0012958081
1,Depression,236,0.0009264036
1,Depression,237,0.0013729031
1,Depression,238,0.0010430568
1,Depression,239,0.0011721787
1,Depression,240,0.00089632993
1,Depression,241,0.0013246787
1,Depression,242,0.001063989
1,Depression,243,0.0010942537
1,Depression,244,0.0008847977
1,Depression,245,0.0011931869
1,Depression,246,0.0010370214
1,Depression,247,0.0010430202
1,Depression,248,0.00087079
1,Depression,249,0.0012509545
1,Depression,250,0.0010612111
1,Depression,251,0.0011348345
1,Depression,252,0.0007403101
1,Depression,253,0.0013313213
1,Depression,254,0.0010978848
1,Depression,255,0.0010993854
1,Depression,256,0.0009869745
1,Depression,257,0.0013506867
1,Depression,258,0.0009393596
1,Depression,259,0.0009947323
1,Depression,260,0.00077039225
1,Depression,261,0.001340758
1,Depression,262,0.0009198272
1,Depression,263,0.0012162416
1,Depression,264,0.00077178294
1,Depression,265,0.0015053407
1,Depression,266,0.0011131369
1,Depression,267,0.001483403
1,Depression,268,0.0010119004
1,Depression,269,0.0014926892
1,Depression,270,0.0010826502
1,Depression,271,0.0011371294
1,Depression,272,0.00079807313
1,Depression,273,0.001334909
1,Depression,274,0.0013960787
1,Depression,275,0.001333977
1,Depression,276,0.00076087617
1,Depression,277,0.0011990791
1,Depression,278,0.0009501122
1,Depression,279,0.0011621491
1,Depression,280,0.0007169672
1,Depression,281,0.0010060394
1,Depression,282,0.00089203933
1,Depression,283,0.00089577795
1,Depression,284,0.00070952415
1,Depression,285,0.001089866
1,Depression,286,0.0010201036
1,Depression,287,0.001266367
1,Depression,288,0.00064897334
1,Depression,289,0.0011712936
1,Depression,290,0.0009958256
1,Depression,291,0.001434037
1,Depression,292,0.00092547195
1,Depression,293,0.0012426391
1,Depression,294,0.0010296451
1,Depression,295,0.0013557767
1,Depression,296,0.00086074224
1,Depression,297,0.0011151861
1,Depression,298,0.000949774
1,Depression,299,0.0014257628
1,Depression,300,0.001053043
1,Depression,301,0.0013999626
1,Depression,302,0.0010039629
1,Depression,303,0.0013388849
1,Depression,304,0.000792389
1,Depression,305,0.0013971254
1,Depression,306,0.0010453818
1,Depression,307,0.0014096361
1,Depression,308,0.00086165254
1,Depression,309,0.0015164844
1,Depression,310,0.00081733696
1,Depression,311,0.0013066918
1,Depression,312,0.00086658844
1,Depression,313,0.0013261007
1,Depression,314,0.0012241829
1,Depression,315,0.0012714225
1,Depression,316,0.00075873017
1,Depression,317,0.0013329614
1,Depression,318,0.0009924419
1,Depression,319,0.0013314896
1,Depression,320,0.00086252065
1,Depression,321,0.0012634525
1,Depression,322,0.0008122392
1,Depression,323,0.0011760788
1,Depression,324,0.0009985706
1,Depression,325,0.0014392601
1,Depression,326,0.0011257584
1,Depression,327,0.0013099458
1,Depression,328,0.0009148283
1,Depression,329,0.0012448048
1,Depression,330,0.00084620604
1,Depression,331,0.001126749
1,Depression,332,0.0010601772
1,Depression,333,0.0012197369
1,Depression,334,0.00095850014
1,Depression,335,0.0013620743
1,Depression,336,0.0009163337
1,Depression,337,0.0012944209
1,Depression,338,0.0011878185
1,Depression,339,0.0012050071
1,Depression,340,0.00084097014
1,Depression,341,0.0013817641
1,Depression,342,0.0011453737
1,Depression,343,0.001580744
1,Depression,344,0.00095999666
1,Depression,345,0.001232176
1,Depression,346,0.0009980306
1,Depression,347,0.0011735214
1,Depression,348,0.00082627975
1,Depression,349,0.0012034596
1,Depression,350,0.0012279633
1,Depression,351,0.0012481295
1,Depression,352,0.0012150654
1,Depression,353,0.0012492454
1,Depression,354,0.0011826864
1,Depression,355,0.0012678659
1,Depression,356,0.0010396775
1,Depression,357,0.0012698872
1,Depression,358,0.001184153
1,Depression,359,0.0013277341
1,Depression,360,0.0008113988
1,Depression,361,0.0010460718
1,Depression,362,0.0009750987
1,Depression,363,0.0012766201
1,Depression,364,0.0010096246
1,Depression,365,0.0012353602
1,Depression,366,0.0012562813
1,Depression,367,0.001192465
1,Depression,368,0.00085717766
1,Depression,369,0.0014249537
1,Depression,370,0.0013536394
1,Depression,371,0.0016118127
1,Depression,372,0.0009935523
1,Depression,373,0.0014094476
1,Depression,374,0.001091204
1,Depression,375,0.0013170039
1,Depression,376,0.0011228902
1,Depression,377,0.0014592867
1,Depression,378,0.0012552257
1,Depression,379,0.0013585106
1,Depression,380,0.0007881133
1,Depression,381,0.0013404632
1,Depression,382,0.001289324
1,Depression,383,0.0014761747
1,Depression,384,0.00078685017
1,Depression,385,0.0012352108
1,Depression,386,0.0010904054
1,Depression,387,0.0012507918
1,Depression,388,0.0007918418
1,Depression,389,0.0014752366
1,Depression,390,0.0011388557
1,Depression,391,0.0013739514
1,Depression,392,0.0009997528
1,Depression,393,0.0013261262
1,Depression,394,0.0010460849
1,Depression,395,0.0012161818
1,Depression,396,0.0009361433
1,Depression,397,0.001331431
1,Depression,398,0.0012499439
1,Depression,399,0.001249312
1,Depression,400,0.0008995116
1,Depression,401,0.0011211555
1,Depression,402,0.0011960912
1,Depression,403,0.001052466
1,Depression,404,0.00088435813
1,Depression,405,0.001059796
1,Depression,406,0.0010513673
1,Depression,407,0.0010703376
1,Depression,408,0.0009430342
1,Depression,409,0.00095112086
1,Depression,410,0.0009174728
1,Depression,411,0.00088293373
1,Depression,412,0.00082336314
1,Depression,413,0.0010191256
1,Depression,414,0.00085219555
1,Depression,415,0.0010046816
1,Depression,416,0.0009168094
1,Depression,417,0.0012641391
1,Depression,418,0.0009569963
1,Depression,419,0.001215138
1,Depression,420,0.0009839007
1,Depression,421,0.0014146033
1,Depression,422,0.0013583525
1,Depression,423,0.0012781237
1,Depression,424,0.0010918037
1,Depression,425,0.0014404148
1,Depression,426,0.0010659095
1,Depression,427,0.0012329094
1,Depression,428,0.0010005485
1,Depression,429,0.0015754289
1,Depression,430,0.0009626305
1,Depression,431,0.0014186741
1,Depression,432,0.0010734458
1,Depression,433,0.001207625
1,Depression,434,0.0010940332
1,Depression,435,0.0011542131
1,Depression,436,0.00076697074
1,Depression,437,0.000912046
1,Depression,438,0.0010304027
1,Depression,439,0.0013924349
1,Depression,440,0.0012572622
1,Depression,441,0.0011133953
1,Depression,442,0.0009625261
1,Depression,443,0.0010185103
1,Depression,444,0.0010986811
1,Depression,445,0.00092229573
1,Depression,446,0.00078122894
1,Depression,447,0.0010177883
1,Depression,448,0.0010885871
1,Depression,449,0.0011572923
1,Depression,450,0.00080225157
1,Depression,451,0.0012622346
1,Depression,452,0.0010798615
1,Depression,453,0.0016292164
1,Depression,454,0.0013917168
1,Depression,455,0.0012761003
1,Depression,456,0.0008422375
1,Depression,457,0.0011808446
1,Depression,458,0.0012166945
1,Depression,459,0.0010705519
1,Depression,460,0.0009470201
1,Depression,461,0.0011275916
1,Depression,462,0.001488535
1,Depression,463,0.0014920455
1,Depression,464,0.00092089904
1,Depression,465,0.001090649
1,Depression,466,0.0009752793
1,Depression,467,0.0010671716
1,Depression,468,0.001234706
1,Depression,469,0.0011187764
1,Depression,470,0.0012547277
1,Depression,471,0.0015184894
1,Depression,472,0.0010755782
1,Depression,473,0.0010203993
1,Depression,474,0.0011309368
1,Depression,475,0.0009343187
1,Depression,476,0.0008259865
1,Depression,477,0.0014224387
1,Depression,478,0.0012854784
1,Depression,479,0.0014030403
1,Depression,480,0.001038795
1,Depression,481,0.001367379
1,Depression,482,0.0012589192
1,Depression,483,0.0017688638
1,Depression,484,0.0015271408
1,Depression,485,0.0009697401
1,Depression,486,0.0008456701
1,Depression,487,0.00094005116
1,Depression,488,0.00088387524
1,Depression,489,0.0009861137
1,Depression,490,0.0010514442
1,Depression,491,0.0014976802
1,Depression,492,0.0010321086
1,Depression,493,0.0012368734
1,Depression,494,0.0011069638
1,Depression,495,0.0013514964
1,Depression,496,0.0014022297
1,Depression,497,0.0012376572
1,Depression,498,0.0010277249
1,Depression,499,0.001207361
1,Depression,500,0.0008466154
1,Depression,501,0.0015533034
1,Depression,502,0.0013911154
1,Depression,503,0.0011167679
1,Depression,504,0.0007000637
1,Depression,505,0.0012771316
1,Depression,506,0.0008830652
1,Depression,507,0.0011645253
1,Depression,508,0.0013515188
1,Depression,509,0.0011488751
1,Depression,510,0.0010469265
1,Depression,511,0.0011844554
1,Depression,512,0.0011131763
1,Depression,513,0.0012687106
1,Depression,514,0.0010909338
1,Depression,515,0.001076696
1,Depression,516,0.0012064247
1,Depression,517,0.0012837356
1,Depression,518,0.0012049765
1,Depression,519,0.0013041063
1,Depression,520,0.0007686078
1,Depression,521,0.0010222057
1,Depression,522,0.0007505387
1,Depression,523,0.001190475
1,Depression,524,0.00091423094
1,Depression,525,0.0010687511
1,Depression,526,0.0012032008
1,Depression,527,0.0012973857
1,Depression,528,0.0011889192
1,Depression,529,0.0012135775
1,Depression,530,0.0015360478
1,Depression,531,0.0017809144
1,Depression,532,0.0006922025
1,Depression,533,0.0015943248
1,Depression,534,0.0012903335
1,Depression,535,0.0014723459
1,Depression,536,0.0007840354
1,Depression,537,0.0009949171
1,Depression,538,0.0008892278
1,Depression,539,0.0011214319
1,Depression,540,0.001094234
1,Depression,541,0.0009771882
1,Depression,542,0.00086372177
1,Depression,543,0.0011245729
1,Depression,544,0.0007694548
1,Depression,545,0.0011732478
1,Depression,546,0.001081515
1,Depression,547,0.0009660532
1,Depression,548,0.00076150446
1,Depression,549,0.0010006174
1,Depression,550,0.0010500915
1,Depression,551,0.0010045085
1,Depression,552,0.0005395463
1,Depression,553,0.0010344599
1,Depression,554,0.00079901854
1,Depression,555,0.0009199054
1,Depression,556,0.0007489034
1,Depression,557,0.0010195391
1,Depression,558,0.0011893758
1,Depression,559,0.0011133506
1,Depression,560,0.0010893536
1,Depression,561,0.0010101068
1,Depression,562,0.0009935577
1,Depression,563,0.0010637944
1,Depression,564,0.0011371243
1,Depression,565,0.0011323532
1,Depression,566,0.0010276326
1,Depression,567,0.0014904983
1,Depression,568,0.0011671307
1,Depression,569,0.0011127907
1,Depression,570,0.00087088795
1,Depression,571,0.0010326004
1,Depression,572,0.00065762596
1,Depression,573,0.00090969825
1,Depression,574,0.00077938085
1,Depression,575,0.0009892745
1,Depression,576,0.0012490876
1,Depression,577,0.0016084424
1,Depression,578,0.0015248278
1,Depression,579,0.00096159143
1,Depression,580,0.0007353813
1,Depression,581,0.0014296311
1,Depression,582,0.0013749104
1,Depression,583,0.00078327744
1,Depression,584,0.00086677773
1,Depression,585,0.001298015
1,Depression,586,0.001170835
1,Depression,587,0.0008051845
1,Depression,588,0.00085158163
1,Depression,589,0.0006802361
1,Depression,590,0.00069107284
1,Depression,591,0.0010652768
1,Depression,592,0.0010288195
1,Depression,593,0.001174651
1,Depression,594,0.000985045
1,Depression,595,0.0010384792
1,Depression,596,0.0014645027
1,Depression,597,0.0008319992
1,Depression,598,0.0009513487
1,Depression,599,0.000867998
1,Depression,600,0.00073185074
1,Depression,601,0.00078156503
1,Depression,602,0.0007446022
1,Depression,603,0.0011121576
1,Depression,604,0.0006987423
1,Depression,605,0.0008568859
1,Depression,606,0.0011569564
1,Depression,607,0.0008073581
1,Depression,608,0.0014408651
1,Depression,609,0.0012115748
1,Depression,610,0.0012850587
1,Depression,611,0.0011195204
1,Depression,612,0.0006428542
1,Depression,613,0.0018742555
1,Depression,614,0.001353986
1,Depression,615,0.0011486197
1,Depression,616,0.0009123295
1,Depression,617,0.0007654495
1,Depression,618,0.0008949802
1,Depression,619,0.0010121798
1,Depression,620,0.0009864264
1,Depression,621,0.00060155266
1,Depression,622,0.0007622175
1,Depression,623,0.0008691972
1,Depression,624,0.0008464628
1,Depression,625,0.0009864162
1,Depression,626,0.00057960785
1,Depression,627,0.000895216
1,Depression,628,0.00085093395
1,Depression,629,0.0008976428
1,Depression,630,0.0012569448
1,Depression,631,0.0011561014
1,Depression,632,0.0011117742
1,Depression,633,0.0010974465
1,Depression,634,0.0012290538
1,Depression,635,0.00073707866
1,Depression,636,0.0005743138
1,Depression,637,0.0007305244
1,Depression,638,0.00045449138
1,Depression,639,0.00048020203
1,Depression,640,0.00059409486
1,Depression,641,0.0010410529
1,Depression,642,0.00073124544
1,Depression,643,0.0012693829
1,Depression,644,0.0017531067
1,Depression,645,0.0011533541
1,Depression,646,0.0013474203
1,Depression,647,0.0016024918
1,Depression,648,0.0016305934
1,Depression,649,0.0019132552
1,Depression,650,0.0011705548
1,Depression,651,0.0012268876
1,Depression,652,0.00068118365
1,Depression,653,0.00084447215
1,Depression,654,0.00070251425
1,Depression,655,0.00074119325
1,Depression,656,0.00080073235
1,Depression,657,0.00040626194
1,Depression,658,0.00050252787
1,Depression,659,0.0005567062
1,Depression,660,0.00079437176
1,Depression,661,0.00097426795
1,Depression,662,0.0005583201
1,Depression,663,0.00070196943
1,Depression,664,0.0008696282
1,Depression,665,0.0012600288
1,Depression,666,0.0008972977
1,Depression,667,0.0007102998
1,Depression,668,0.00095663784
1,Depression,669,0.0011935536
1,Depression,670,0.0010794633
1,Depression,671,0.00073258864
1,Depression,672,0.0009987984
1,Depression,673,0.0010136203
1,Depression,674,0.0010610399
1,Depression,675,0.0015415498
1,Depression,676,0.001192988
1,Depression,677,0.0014265628
1,Depression,678,0.0015899033
1,Depression,679,0.0011679068
1,Depression,680,0.0011640791
1,Depression,681,0.0014267571
1,Depression,682,0.0021169381
1,Depression,683,0.0012600682
1,Depression,684,0.000980949
1,Depression,685,0.0012039935
1,Depression,686,0.00091490475
1,Depression,687,0.0009925892
1,Depression,688,0.0007887764
1,Depression,689,0.001172705
1,Depression,690,0.0012539249
1,Depression,691,0.0019385746
1,Depression,692,0.00095965795
1,Depression,693,0.000664619
1,Depression,694,0.0010378374
1,Depression,695,0.0007016461
1,Depression,696,0.001433332
1,Depression,697,0.00076086103
1,Depression,698,0.0013246089
1,Depression,699,0.0019196606
1,Depression,700,0.0010554832
1,Depression,701,0.0007253065
1,Depression,702,0.000998522
1,Depression,703,0.0011865954
1,Depression,704,0.0008830584
1,Depression,705,0.00068610755
1,Depression,706,0.0008358372
1,Depression,707,0.00095851487
1,Depression,708,0.0005438418
1,Depression,709,0.00074599194
1,Depression,710,0.00096119643
1,Depression,711,0.0015553525
1,Depression,712,0.0017553556
1,Depression,713,0.001449129
1,Depression,714,0.0007476761
1,Depression,715,0.0013575247
1,Depression,716,0.0008990602
1,Depression,717,0.0010113987
1,Depression,718,0.001635745
1,Depression,719,0.0014299563
1,Depression,720,0.0009764564
1,Depression,721,0.0011177635
1,Depression,722,0.0010164711
1,Depression,723,0.001958875
1,Depression,724,0.0011491997
1,Depression,725,0.0010929588
1,Depression,726,0.0007688816
1,Depression,727,0.00065774226
1,Depression,728,0.0013638271
1,Depression,729,0.001468298
1,Depression,730,0.0009886133
1,Depression,731,0.0006342943
1,Depression,732,0.0009920163
1,Depression,733,0.0010933043
1,Depression,734,0.00090809324
1,Depression,735,0.0010441127
1,Depression,736,0.0011915457
1,Depression,737,0.0014211154
1,Depression,738,0.0014230573
1,Depression,739,0.0016825289
1,Depression,740,0.0012684378
1,Depression,741,0.0011422697
1,Depression,742,0.0016656902
1,Depression,743,0.0014148873
1,Depression,744,0.001418525
1,Depression,745,0.0010867509
1,Depression,746,0.0005763504
1,Depression,747,0.0009771156
1,Depression,748,0.00096704625
1,Depression,749,0.0009610285
1,Depression,750,0.0014406998
1,Depression,751,0.0013454106
1,Depression,752,0.0013368344
1,Depression,753,0.0010376687
1,Depression,754,0.0014954658
1,Depression,755,0.0017614359
1,Depression,756,0.000932074
1,Depression,757,0.0012982014
1,Depression,758,0.0009176572
1,Depression,759,0.0011789645
1,Depression,760,0.0015405719
1,Depression,761,0.0011725395
1,Depression,762,0.0005889739
1,Depression,763,0.0015472663
1,Depression,764,0.00090113527
1,Depression,765,0.0011100293
1,Depression,766,0.0011249267
1,Depression,767,0.0011812556
1,Depression,768,0.0008939033
1,Depression,769,0.0006138933
1,Depression,770,0.0011067961
1,Depression,771,0.0011686912
1,Depression,772,0.000642057
1,Depression,773,0.0014226697
1,Depression,774,0.00082604843
1,Depression,775,0.0009901754
1,Depression,776,0.0015065278
1,Depression,777,0.0017708621
1,Depression,778,0.0018068218
1,Depression,779,0.0016572191
1,Depression,780,0.000971392
1,Depression,781,0.0010675872
1,Depression,782,0.0010160148
1,Depression,783,0.00085650606
1,Depression,784,0.0017609517
1,Depression,785,0.000932265
1,Depression,786,0.0007100318
1,Depression,787,0.0009327632
1,Depression,788,0.00096984865
1,Depression,789,0.00095408666
1,Depression,790,0.00086475
1,Depression,791,0.00088349846
1,Depression,792,0.0005534792
1,Depression,793,0.00091841887
1,Depression,794,0.0010864915
1,Depression,795,0.00084645726
1,Depression,796,0.0012089218
1,Depression,797,0.0010631729
1,Depression,798,0.0008064221
1,Depression,799,0.0007342616
1,Depression,800,0.00090056437
1,Depression,801,0.00089125306
1,Depression,802,0.0007932289
1,Depression,803,0.0009398343
1,Depression,804,0.0013873042
1,Depression,805,0.0013316746
1,Depression,806,0.00074909703
1,Depression,807,0.00054645404
1,Depression,808,0.0010739476
1,Depression,809,0.0014046367
1,Depression,810,0.0012740229
1,Depression,811,0.0017601607
1,Depression,812,0.0013935011
1,Depression,813,0.0010123927
1,Depression,814,0.00083144265
1,Depression,815,0.0011771697
1,Depression,816,0.00076501846
1,Depression,817,0.0009103695
1,Depression,818,0.00067004404
1,Depression,819,0.00090047775
1,Depression,820,0.0008185941
1,Depression,821,0.0013828811
1,Depression,822,0.0014378238
1,Depression,823,0.0014411663
1,Depression,824,0.0009568054
1,Depression,825,0.0012608619
1,Depression,826,0.0011550636
1,Depression,827,0.00087686547
1,Depression,828,0.0007505587
1,Depression,829,0.0017967464
1,Depression,830,0.00092699105
1,Depression,831,0.0016643279
1,Depression,832,0.0012309719
1,Depression,833,0.0018831956
1,Depression,834,0.0011252618
1,Depression,835,0.0011393683
1,Depression,836,0.0010544446
1,Depression,837,0.0012181447
1,Depression,838,0.0010595252
1,Depression,839,0.0010493657
1,Depression,840,0.0016869712
1,Depression,841,0.0014496882
1,Depression,842,0.0017816465
1,Depression,843,0.0013307414
1,Depression,844,0.0011212283
1,Depression,845,0.0010491672
1,Depression,846,0.0006340973
1,Depression,847,0.0010959891
1,Depression,848,0.0009490504
1,Depression,849,0.00088969216
1,Depression,850,0.0010701538
1,Depression,851,0.0014918926
1,Depression,852,0.0010136338
1,Depression,853,0.00096402905
1,Depression,854,0.00091310556
1,Depression,855,0.0016655861
1,Depression,856,0.0012554387
1,Depression,857,0.0014662184
1,Depression,858,0.001400406
1,Depression,859,0.0014869373
1,Depression,860,0.00094178616
1,Depression,861,0.0009668512
1,Depression,862,0.00069060567
1,Depression,863,0.001142167
1,Depression,864,0.001047536
1,Depression,865,0.00080891704
1,Depression,866,0.00107949
1,Depression,867,0.00084493175
1,Depression,868,0.0013049885
1,Depression,869,0.0012601976
1,Depression,870,0.00095812127
1,Depression,871,0.0008464974
1,Depression,872,0.0011545789
1,Depression,873,0.00072291977
1,Depression,874,0.00087006734
1,Depression,875,0.00076267833
1,Depression,876,0.0011224311
1,Depression,877,0.0014191908
1,Depression,878,0.00087029836
1,Depression,879,0.0009811718
1,Depression,880,0.0011086963
1,Depression,881,0.0010683401
1,Depression,882,0.00097280607
1,Depression,883,0.0010368329
1,Depression,884,0.0011219421
1,Depression,885,0.00069401815
1,Depression,886,0.0011810123
1,Depression,887,0.001071931
1,Depression,888,0.00070893334
1,Depression,889,0.00090611493
1,Depression,890,0.0008654373
1,Depression,891,0.0012100752
1,Depression,892,0.00075999164
1,Depression,893,0.001588481
1,Depression,894,0.001333605
1,Depression,895,0.0011008799
1,Depression,896,0.0009498402
1,Depression,897,0.0013083358
1,Depression,898,0.0008599101
1,Depression,899,0.0009699208
1,Depression,900,0.00095965096
1,Depression,901,0.0013134043
1,Depression,902,0.0013463355
1,Depression,903,0.0013003903
1,Depression,904,0.0011734507
1,Depression,905,0.00088084454
1,Depression,906,0.0010165345
1,Depression,907,0.0016789878
1,Depression,908,0.0009600127
1,Depression,909,0.0010759177
1,Depression,910,0.0011948772
1,Depression,911,0.0010397048
1,Depression,912,0.0010818074
1,Depression,913,0.001135052
1,Depression,914,0.0008991787
1,Depression,915,0.000830992
1,Depression,916,0.0009678874
1,Depression,917,0.0011247362
1,Depression,918,0.0010200045
1,Depression,919,0.0010773557
1,Depression,920,0.00070047594
1,Depression,921,0.0010335653
1,Depression,922,0.0014234446
1,Depression,923,0.0011900313
1,Depression,924,0.0007160266
1,Depression,925,0.0010439774
1,Depression,926,0.0010315966
1,Depression,927,0.0009298392
1,Depression,928,0.0009320251
1,Depression,929,0.0008902225
1,Depression,930,0.0010104612
1,Depression,931,0.0005813544
1,Depression,932,0.0010418975
1,Depression,933,0.0006823289
1,Depression,934,0.0010913165
1,Depression,935,0.0011542358
1,Depression,936,0.0009919624
1,Depression,937,0.00079656177
1,Depression,938,0.0008771744
1,Depression,939,0.00072558864
1,Depression,940,0.00079582736
1,Depression,941,0.0007982882
1,Depression,942,0.000680871
1,Depression,943,0.0011103987
1,Depression,944,0.00079584325
1,Depression,945,0.00090886035
1,Depression,946,0.001557754
1,Depression,947,0.0015076217
1,Depression,948,0.0013056233
1,Depression,949,0.001203408
1,Depression,950,0.0011427598
1,Depression,951,0.001612501
1,Depression,952,0.0012313402
1,Depression,953,0.00080593274
1,Depression,954,0.0012060268
1,Depression,955,0.0012405321
1,Depression,956,0.0008141065
1,Depression,957,0.0008156196
1,Depression,958,0.0008739313
1,Depression,959,0.0005492746
1,Depression,960,0.0005838534
1,Depression,961,0.00078379596
1,Depression,962,0.000730666
1,Depression,963,0.0009323959
1,Depression,964,0.00053830387
1,Depression,965,0.0016048322
1,Depression,966,0.0009261888
1,Depression,967,0.0019420662
1,Depression,968,0.0010569553
1,Depression,969,0.0009219961
1,Depression,970,0.0016141998
1,Depression,971,0.0009435562
1,Depression,972,0.0010756875
1,Depression,973,0.0013436024
1,Depression,974,0.00088588125
1,Depression,975,0.0008076414
1,Depression,976,0.000931382
1,Depression,977,0.00081442745
1,Depression,978,0.0008981198
1,Depression,979,0.0012020656
1,Depression,980,0.00080868276
1,Depression,981,0.0012065814
1,Depression,982,0.0010021436
1,Depression,983,0.0010759853
1,Depression,984,0.001265258
1,Depression,985,0.0008134321
1,Depression,986,0.0009072213
1,Depression,987,0.0010525619
1,Depression,988,0.00093839207
1,Depression,989,0.0009104005
1,Depression,990,0.0009936815
1,Depression,991,0.0010294762
1,Depression,992,0.0010523245
1,Depression,993,0.0011446298
1,Depression,994,0.0007950909
1,Depression,995,0.0006776506
1,Depression,996,0.001098804
1,Depression,997,0.0006451322
1,Depression,998,0.00077334145
1,Depression,999,0.0014050021
1,Depression,1000,0.0012637761
1,Depression,1001,0.0017278297
1,Depression,1002,0.0019778286
1,Depression,1003,0.0015611644
1,Depression,1004,0.0011593376
1,Depression,1005,0.0010597784
1,Depression,1006,0.0016528097
1,Depression,1007,0.0012611445
1,Depression,1008,0.0008715589
1,Depression,1009,0.0012834251
1,Depression,1010,0.0008694709
1,Depression,1011,0.0009881746
1,Depression,1012,0.0005896778
1,Depression,1013,0.0007624362
1,Depression,1014,0.00092639134
1,Depression,1015,0.0006842004
1,Depression,1016,0.0018132793
1,Depression,1017,0.0014625025
1,Depression,1018,0.0012155918
1,Depression,1019,0.0013851929
1,Depression,1020,0.0013174446
1,Depression,1021,0.0015069906
1,Depression,1022,0.0008191866
1,Depression,1023,0.00070249866
1,Depression,1024,0.0006847786
1,Depression,1025,0.0014638434
1,Depression,1026,0.0012081927
1,Depression,1027,0.0011494822
1,Depression,1028,0.0013195738
1,Depression,1029,0.0010405962
1,Depression,1030,0.0012733825
1,Depression,1031,0.0010147705
1,Depression,1032,0.0013322129
1,Depression,1033,0.0011229264
1,Depression,1034,0.0009391781
1,Depression,1035,0.0010126565
1,Depression,1036,0.0010259782
1,Depression,1037,0.0012600394
1,Depression,1038,0.0010628076
1,Depression,1039,0.0007782139
1,Depression,1040,0.00096632884
1,Depression,1041,0.0019310679
1,Depression,1042,0.0014410428
1,Depression,1043,0.0019634361
1,Depression,1044,0.0014612979
1,Depression,1045,0.0013486944
1,Depression,1046,0.0011502464
1,Depression,1047,0.0016249183
1,Depression,1048,0.0009953984
1,Depression,1049,0.0012367707
1,Depression,1050,0.0017264672
1,Depression,1051,0.0019534458
1,Depression,1052,0.0014302431
1,Depression,1053,0.0010058059
1,Depression,1054,0.0009873952
1,Depression,1055,0.0010938426
1,Depression,1056,0.0009576607
1,Depression,1057,0.0012413004
1,Depression,1058,0.0010212257
1,Depression,1059,0.0010364241
1,Depression,1060,0.0009973261
1,Depression,1061,0.00096351816
1,Depression,1062,0.0010508285
1,Depression,1063,0.001500737
1,Depression,1064,0.00095857657
1,Depression,1065,0.001233647
1,Depression,1066,0.0010490973
1,Depression,1067,0.00102259
1,Depression,1068,0.0007386152
1,Depression,1069,0.00058264966
1,Depression,1070,0.0013931682
1,Depression,1071,0.0013615453
1,Depression,1072,0.0012100239
1,Depression,1073,0.0013157038
1,Depression,1074,0.0016955201
1,Depression,1075,0.0014722119
1,Depression,1076,0.00084912585
1,Depression,1077,0.0008531985
1,Depression,1078,0.00092418736
1,Depression,1079,0.0011715569
1,Depression,1080,0.0010285522
1,Depression,1081,0.0012855312
1,Depression,1082,0.0015466171
1,Depression,1083,0.0006030084
1,Depression,1084,0.0009220532
1,Depression,1085,0.00072770065
1,Depression,1086,0.0009805672
1,Depression,1087,0.0018216982
1,Depression,1088,0.0009974347
1,Depression,1089,0.0011649567
1,Depression,1090,0.001460263
1,Depression,1091,0.002136957
1,Depression,1092,0.0017269365
1,Depression,1093,0.0011669209
1,Depression,1094,0.0010909562
1,Depression,1095,0.0010870307
1,Depression,1096,0.0013223258
1,Depression,1097,0.0016243171
1,Depression,1098,0.0015827944
1,Depression,1099,0.0010687019
1,Depression,1100,0.0010554335
1,Depression,1101,0.0013505267
1,Depression,1102,0.0015002395
1,Depression,1103,0.0012604271
1,Depression,1104,0.0009514107
1,Depression,1105,0.0013892399
1,Depression,1106,0.0014920037
1,Depression,1107,0.0014946025
1,Depression,1108,0.0016485672
1,Depression,1109,0.0013640245
1,Depression,1110,0.0012387502
1,Depression,1111,0.0011220569
1,Depression,1112,0.0014518054
1,Depression,1113,0.0012839368
1,Depression,1114,0.0010991768
1,Depression,1115,0.0018446473
1,Depression,1116,0.0017954356
1,Depression,1117,0.0020466188
1,Depression,1118,0.0018751761
1,Depression,1119,0.00079074706
1,Depression,1120,0.00062463054
1,Depression,1121,0.0008337464
1,Depression,1122,0.0006202851
1,Depression,1123,0.0009366365
1,Depression,1124,0.00056710705
1,Depression,1125,0.00078359013
1,Depression,1126,0.0009530686
1,Depression,1127,0.0012924449
1,Depression,1128,0.0012161664
1,Depression,1129,0.0008855377
1,Depression,1130,0.0016022623
1,Depression,1131,0.0015762693
1,Depression,1132,0.0010946145
1,Depression,1133,0.0015826535
1,Depression,1134,0.0014634281
1,Depression,1135,0.001311822
1,Depression,1136,0.00089231686
1,Depression,1137,0.00096428866
1,Depression,1138,0.0006698155
1,Depression,1139,0.00088502554
1,Depression,1140,0.00048411914
1,Depression,1141,0.0008695559
1,Depression,1142,0.0009694337
1,Depression,1143,0.0012791376
1,Depression,1144,0.0007614608
1,Depression,1145,0.00094701955
1,Depression,1146,0.0011542473
1,Depression,1147,0.0010874314
1,Depression,1148,0.0009350838
1,Depression,1149,0.001174157
1,Depression,1150,0.0009685504
1,Depression,1151,0.0007691436
1,Depression,1152,0.0009046571
1,Depression,1153,0.000957517
1,Depression,1154,0.0011629229
1,Depression,1155,0.0010500235
1,Depression,1156,0.00065340946
1,Depression,1157,0.0010815753
1,Depression,1158,0.0011051613
1,Depression,1159,0.0012307066
1,Depression,1160,0.0015859811
1,Depression,1161,0.0017873156
1,Depression,1162,0.0015991811
1,Depression,1163,0.0010249908
1,Depression,1164,0.0005143474
1,Depression,1165,0.0007230693
1,Depression,1166,0.00063722924
1,Depression,1167,0.0009607159
1,Depression,1168,0.00077572203
1,Depression,1169,0.0012633861
1,Depression,1170,0.0009626829
1,Depression,1171,0.00074353087
1,Depression,1172,0.001243822
1,Depression,1173,0.0012307256
1,Depression,1174,0.0008570288
1,Depression,1175,0.0009307145
1,Depression,1176,0.00093437475
1,Depression,1177,0.0009377008
1,Depression,1178,0.0005135026
1,Depression,1179,0.0008285977
1,Depression,1180,0.0013673847
1,Depression,1181,0.0013762143
1,Depression,1182,0.0012357053
1,Depression,1183,0.0012211767
1,Depression,1184,0.00088462216
1,Depression,1185,0.0014328898
1,Depression,1186,0.0011746672
1,Depression,1187,0.0007882627
1,Depression,1188,0.00074082124
1,Depression,1189,0.00068427756
1,Depression,1190,0.00071417144
1,Depression,1191,0.0010033555
1,Depression,1192,0.0012697786
1,Depression,1193,0.0015002408
1,Depression,1194,0.00093665585
1,Depression,1195,0.00083551253
1,Depression,1196,0.00067877903
1,Depression,1197,0.0007096483
1,Depression,1198,0.0012769528
1,Depression,1199,0.0007912881
1,Depression,1200,0.0010273748
1,Depression,1201,0.0014490677
1,Depression,1202,0.001262315
1,Depression,1203,0.001164913
1,Depression,1204,0.0008299225
1,Depression,1205,0.0011328638
1,Depression,1206,0.00087235443
1,Depression,1207,0.0014030199
1,Depression,1208,0.0014149956
1,Depression,1209,0.0008000756
1,Depression,1210,0.0010729148
1,Depression,1211,0.0011168082
1,Depression,1212,0.0005216337
1,Depression,1213,0.0009229559
1,Depression,1214,0.0010354953
1,Depression,1215,0.0009861899
1,Depression,1216,0.0007046874
1,Depression,1217,0.00070555625
1,Depression,1218,0.00092953985
1,Depression,1219,0.0007463424
1,Depression,1220,0.001163573
1,Depression,1221,0.00090848753
1,Depression,1222,0.00091987185
1,Depression,1223,0.0006694315
1,Depression,1224,0.00072698965
1,Depression,1225,0.0011408982
1,Depression,1226,0.001096249
1,Depression,1227,0.0008122288
1,Depression,1228,0.0009530974
1,Depression,1229,0.00086266495
1,Depression,1230,0.0012323259
1,Depression,1231,0.0010436593
1,Depression,1232,0.0008921742
1,Depression,1233,0.0009945286
1,Depression,1234,0.0009796141
1,Depression,1235,0.0009210201
1,Depression,1236,0.00079659536
1,Depression,1237,0.0010199572
1,Depression,1238,0.0010463545
1,Depression,1239,0.00070665556
1,Depression,1240,0.00090025895
1,Depression,1241,0.0009416269
1,Depression,1242,0.00081008166
1,Depression,1243,0.0009449974
1,Depression,1244,0.000990506
1,Depression,1245,0.0009617473
1,Depression,1246,0.000701049
1,Depression,1247,0.0009876466
1,Depression,1248,0.0010375335
1,Depression,1249,0.0011723723
1,Depression,1250,0.0011834749
1,Depression,1251,0.0010573461
1,Depression,1252,0.0012001842
1,Depression,1253,0.0015275547
1,Depression,1254,0.0009714399
1,Depression,1255,0.0015395363
1,Depression,1256,0.0013273463
1,Depression,1257,0.0011913263
1,Depression,1258,0.0012069825
1,Depression,1259,0.00097504613
1,Depression,1260,0.0009817738
1,Depression,1261,0.0008914855
1,Depression,1262,0.0009474714
1,Depression,1263,0.0008751474
1,Depression,1264,0.0007119166
1,Depression,1265,0.0012142317
1,Depression,1266,0.0008272247
1,Depression,1267,0.0009732931
1,Depression,1268,0.0007709819
1,Depression,1269,0.0009243421
1,Depression,1270,0.0009200785
1,Depression,1271,0.0008640475
1,Depression,1272,0.00087560643
1,Depression,1273,0.0011969175
1,Depression,1274,0.0011229067
1,Depression,1275,0.0008692899
1,Depression,1276,0.00075310585
1,Depression,1277,0.00092855823
1,Depression,1278,0.00079034886
1,Depression,1279,0.0011565465
1,Depression,1280,0.0011030242
1,Depression,1281,0.001198376
1,Depression,1282,0.00097371393
1,Depression,1283,0.00081290834
1,Depression,1284,0.00074210996
1,Depression,1285,0.001496673
1,Depression,1286,0.0011421443
1,Depression,1287,0.0012510351
1,Depression,1288,0.0012224936
1,Depression,1289,0.0013351494
1,Depression,1290,0.0012050506
1,Depression,1291,0.0010314846
1,Depression,1292,0.0013314603
1,Depression,1293,0.0011795841
1,Depression,1294,0.0011984454
1,Depression,1295,0.0011558505
1,Depression,1296,0.0011363297
1,Depression,1297,0.001493769
1,Depression,1298,0.0011917128
1,Depression,1299,0.0009444465
1,Depression,1300,0.00091358257
1,Depression,1301,0.0009833446
1,Depression,1302,0.000793722
1,Depression,1303,0.0011688248
1,Depression,1304,0.0014049921
1,Depression,1305,0.0012377308
1,Depression,1306,0.0007746757
1,Depression,1307,0.0010239893
1,Depression,1308,0.0008941585
1,Depression,1309,0.00093341636
1,Depression,1310,0.0009945149
1,Depression,1311,0.0009745693
1,Depression,1312,0.00094069337
1,Depression,1313,0.0008495762
1,Depression,1314,0.00078883243
1,Depression,1315,0.00086809904
1,Depression,1316,0.0008516472
1,Depression,1317,0.0015693803
1,Depression,1318,0.00080471276
1,Depression,1319,0.0009894535
1,Depression,1320,0.0010111689
1,Depression,1321,0.0012647766
1,Depression,1322,0.00078326854
1,Depression,1323,0.0008004476
1,Depression,1324,0.00091219216
1,Depression,1325,0.0010660223
1,Depression,1326,0.0008112405
1,Depression,1327,0.0011403398
1,Depression,1328,0.00093718944
1,Depression,1329,0.000934665
1,Depression,1330,0.0009087704
1,Depression,1331,0.0011638324
1,Depression,1332,0.00062880403
1,Depression,1333,0.0012223055
1,Depression,1334,0.0012772583
1,Depression,1335,0.0009249108
1,Depression,1336,0.00080851285
1,Depression,1337,0.0008144264
1,Depression,1338,0.00091344246
1,Depression,1339,0.0009550764
1,Depression,1340,0.0012712651
1,Depression,1341,0.0010616212
1,Depression,1342,0.0007828226
1,Depression,1343,0.00087985717
1,Depression,1344,0.00067947
1,Depression,1345,0.0009905316
1,Depression,1346,0.0014168635
1,Depression,1347,0.0009101754
1,Depression,1348,0.0008530978
1,Depression,1349,0.0007074462
1,Depression,1350,0.00080317794
1,Depression,1351,0.00065049
1,Depression,1352,0.0008825431
1,Depression,1353,0.0011572009
1,Depression,1354,0.0007978162
1,Depression,1355,0.0020185073
1,Depression,1356,0.001026317
1,Depression,1357,0.0007849729
1,Depression,1358,0.00078495423
1,Depression,1359,0.0009154923
1,Depression,1360,0.00088052975
1,Depression,1361,0.0010565363
1,Depression,1362,0.0011580394
1,Depression,1363,0.0011566593
1,Depression,1364,0.00073492096
1,Depression,1365,0.0009800666
1,Depression,1366,0.0010302649
1,Depression,1367,0.0010254901
1,Depression,1368,0.0009224915
1,Depression,1369,0.0011037489
1,Depression,1370,0.0010144284
1,Depression,1371,0.0018243905
1,Depression,1372,0.0013219821
1,Depression,1373,0.0012133195
1,Depression,1374,0.0013484062
1,Depression,1375,0.0010821334
1,Depression,1376,0.00087609194
1,Depression,1377,0.0011944963
1,Depression,1378,0.0010963173
1,Depression,1379,0.0011483451
1,Depression,1380,0.00092608214
1,Depression,1381,0.00093574007
1,Depression,1382,0.0010215967
1,Depression,1383,0.001246132
1,Depression,1384,0.0010026024
1,Depression,1385,0.0012065304
1,Depression,1386,0.000697496
1,Depression,1387,0.00097583263
1,Depression,1388,0.0008628329
1,Depression,1389,0.0009554848
1,Depression,1390,0.0011623029
1,Depression,1391,0.00094540545
1,Depression,1392,0.00081094773
1,Depression,1393,0.0010383058
1,Depression,1394,0.0010804296
1,Depression,1395,0.0008052995
1,Depression,1396,0.0008569697
1,Depression,1397,0.0011741839
1,Depression,1398,0.0011092845
1,Depression,1399,0.0011587598
1,Depression,1400,0.00075846334
1,Depression,1401,0.0014140691
1,Depression,1402,0.002234181
1,Depression,1403,0.0015602208
1,Depression,1404,0.0010120769
1,Depression,1405,0.0014405481
1,Depression,1406,0.0013547528
1,Depression,1407,0.001987741
1,Depression,1408,0.0009275366
1,Depression,1409,0.0009435454
1,Depression,1410,0.001025148
1,Depression,1411,0.001112335
1,Depression,1412,0.0010769222
1,Depression,1413,0.0012259601
1,Depression,1414,0.0008916037
1,Depression,1415,0.0009907532
1,Depression,1416,0.00083632127
1,Depression,1417,0.0012262702
1,Depression,1418,0.0011293511
1,Depression,1419,0.0015088747
1,Depression,1420,0.0006915629
1,Depression,1421,0.0014039327
1,Depression,1422,0.0012785143
1,Depression,1423,0.001323089
1,Depression,1424,0.0007878864
1,Depression,1425,0.0017724012
1,Depression,1426,0.0011197104
1,Depression,1427,0.0012388703
1,Depression,1428,0.0009832596
1,Depression,1429,0.001227208
1,Depression,1430,0.0011170892
1,Depression,1431,0.00085002725
1,Depression,1432,0.00087874464
1,Depression,1433,0.0010293388
1,Depression,1434,0.000812602
1,Depression,1435,0.00045342147
1,Depression,1436,0.00045212742
1,Depression,1437,0.0005045696
1,Depression,1438,0.0004140858
1,Depression,1439,0.00033875793
2,Schizophrenia,0,0.0011896227
2,Schizophrenia,1,0.00039651015
2,Schizophrenia,2,0.0006003783
2,Schizophrenia,3,0.0012311745
2,Schizophrenia,4,0.0012318656
2,Schizophrenia,5,0.0026262337
2,Schizophrenia,6,0.0025047446
2,Schizophrenia,7,0.0025708848
2,Schizophrenia,8,0.0025225696
2,Schizophrenia,9,0.0025207293
2,Schizophrenia,10,0.001981321
2,Schizophrenia,11,0.0020242806
2,Schizophrenia,12,0.0019305188
2,Schizophrenia,13,0.0023702325
2,Schizophrenia,14,0.0031735608
2,Schizophrenia,15,0.0016592832
2,Schizophrenia,16,0.0016476123
2,Schizophrenia,17,0.0021825403
2,Schizophrenia,18,0.0024271142
2,Schizophrenia,19,0.0021708792
2,Schizophrenia,20,0.0020623647
2,Schizophrenia,21,0.0026218095
2,Schizophrenia,22,0.0031276406
2,Schizophrenia,23,0.0018589726
2,Schizophrenia,24,0.0016583661
2,Schizophrenia,25,0.0027452328
2,Schizophrenia,26,0.0028056016
2,Schizophrenia,27,0.0017204301
2,Schizophrenia,28,0.0016024306
2,Schizophrenia,29,0.002663786
2,Schizophrenia,30,0.0026562726
2,Schizophrenia,31,0.0017524555
2,Schizophrenia,32,0.0017271686
2,Schizophrenia,33,0.002545637
2,Schizophrenia,34,0.002815417
2,Schizophrenia,35,0.00145668
2,Schizophrenia,36,0.0017053469
2,Schizophrenia,37,0.002667987
2,Schizophrenia,38,0.002897484
2,Schizophrenia,39,0.0015591925
2,Schizophrenia,40,0.0015798988
2,Schizophrenia,41,0.0026343176
2,Schizophrenia,42,0.002746131
2,Schizophrenia,43,0.0017353339
2,Schizophrenia,44,0.0019185629
2,Schizophrenia,45,0.0025508837
2,Schizophrenia,46,0.0027131494
2,Schizophrenia,47,0.0016404385
2,Schizophrenia,48,0.0014974161
2,Schizophrenia,49,0.002523698
2,Schizophrenia,50,0.0027224368
2,Schizophrenia,51,0.0017396881
2,Schizophrenia,52,0.0014718703
2,Schizophrenia,53,0.002656284
2,Schizophrenia,54,0.0027814799
2,Schizophrenia,55,0.0013067767
2,Schizophrenia,56,0.0015682202
2,Schizophrenia,57,0.0024390938
2,Schizophrenia,58,0.0024377184
2,Schizophrenia,59,0.0012862742
2,Schizophrenia,60,0.0016987628
2,Schizophrenia,61,0.0023937398
2,Schizophrenia,62,0.002280678
2,Schizophrenia,63,0.0019987684
2,Schizophrenia,64,0.0018771559
2,Schizophrenia,65,0.0023485573
2,Schizophrenia,66,0.0027096546
2,Schizophrenia,67,0.002028421
2,Schizophrenia,68,0.0022080357
2,Schizophrenia,69,0.0028219514
2,Schizophrenia,70,0.0029908335
2,Schizophrenia,71,0.001710681
2,Schizophrenia,72,0.002020517
2,Schizophrenia,73,0.0029294512
2,Schizophrenia,74,0.002647379
2,Schizophrenia,75,0.0017439974
2,Schizophrenia,76,0.001972328
2,Schizophrenia,77,0.0022752818
2,Schizophrenia,78,0.002424353
2,Schizophrenia,79,0.0015507932
2,Schizophrenia,80,0.0016893479
2,Schizophrenia,81,0.0023507297
2,Schizophrenia,82,0.0026426492
2,Schizophrenia,83,0.0018271485
2,Schizophrenia,84,0.0015416964
2,Schizophrenia,85,0.0021820324
2,Schizophrenia,86,0.0024854473
2,Schizophrenia,87,0.0021218765
2,Schizophrenia,88,0.0018688203
2,Schizophrenia,89,0.002352376
2,Schizophrenia,90,0.00239691
2,Schizophrenia,91,0.001953201
2,Schizophrenia,92,0.0019632978
2,Schizophrenia,93,0.0025663823
2,Schizophrenia,94,0.002314338
2,Schizophrenia,95,0.0021881675
2,Schizophrenia,96,0.0022209615
2,Schizophrenia,97,0.0028528916
2,Schizophrenia,98,0.0027494954
2,Schizophrenia,99,0.0019512231
2,Schizophrenia,100,0.0020061163
2,Schizophrenia,101,0.0027141136
2,Schizophrenia,102,0.0029506374
2,Schizophrenia,103,0.002006415
2,Schizophrenia,104,0.0015516897
2,Schizophrenia,105,0.0025030216
2,Schizophrenia,106,0.0027441927
2,Schizophrenia,107,0.0014827487
2,Schizophrenia,108,0.0018521985
2,Schizophrenia,109,0.0026886903
2,Schizophrenia,110,0.0027574697
2,Schizophrenia,111,0.0021333282
2,Schizophrenia,112,0.0017460174
2,Schizophrenia,113,0.0024239877
2,Schizophrenia,114,0.0029987537
2,Schizophrenia,115,0.0018954384
2,Schizophrenia,116,0.0020280452
2,Schizophrenia,117,0.0024331023
2,Schizophrenia,118,0.0024270082
2,Schizophrenia,119,0.0017165189
2,Schizophrenia,120,0.0018686121
2,Schizophrenia,121,0.0026983854
2,Schizophrenia,122,0.0033295848
2,Schizophrenia,123,0.0019665486
2,Schizophrenia,124,0.0018263676
2,Schizophrenia,125,0.0026895606
2,Schizophrenia,126,0.0029883694
2,Schizophrenia,127,0.0014468651
2,Schizophrenia,128,0.001371404
2,Schizophrenia,129,0.0025878411
2,Schizophrenia,130,0.0028870625
2,Schizophrenia,131,0.001702703
2,Schizophrenia,132,0.0015232777
2,Schizophrenia,133,0.0025378924
2,Schizophrenia,134,0.0025732713
2,Schizophrenia,135,0.002211988
2,Schizophrenia,136,0.002097973
2,Schizophrenia,137,0.0027301325
2,Schizophrenia,138,0.0028239375
2,Schizophrenia,139,0.0019723242
2,Schizophrenia,140,0.0015382275
2,Schizophrenia,141,0.0025656342
2,Schizophrenia,142,0.0030398583
2,Schizophrenia,143,0.0021234406
2,Schizophrenia,144,0.001782445
2,Schizophrenia,145,0.0026927039
2,Schizophrenia,146,0.002950743
2,Schizophrenia,147,0.0017365214
2,Schizophrenia,148,0.0016464118
2,Schizophrenia,149,0.0028858876
2,Schizophrenia,150,0.002763232
2,Schizophrenia,151,0.001974486
2,Schizophrenia,152,0.0017868882
2,Schizophrenia,153,0.002470634
2,Schizophrenia,154,0.0023156987
2,Schizophrenia,155,0.0018810983
2,Schizophrenia,156,0.0016001443
2,Schizophrenia,157,0.00225423
2,Schizophrenia,158,0.0022304978
2,Schizophrenia,159,0.0013967275
2,Schizophrenia,160,0.001285188
2,Schizophrenia,161,0.0018828984
2,Schizophrenia,162,0.0018295208
2,Schizophrenia,163,0.0016684369
2,Schizophrenia,164,0.0016874761
2,Schizophrenia,165,0.0023231113
2,Schizophrenia,166,0.002474118
2,Schizophrenia,167,0.0016730756
2,Schizophrenia,168,0.0015533416
2,Schizophrenia,169,0.002415654
2,Schizophrenia,170,0.002280293
2,Schizophrenia,171,0.0018413672
2,Schizophrenia,172,0.0020260613
2,Schizophrenia,173,0.0026427219
2,Schizophrenia,174,0.0024297757
2,Schizophrenia,175,0.0018689285
2,Schizophrenia,176,0.0017324629
2,Schizophrenia,177,0.0022300745
2,Schizophrenia,178,0.0021474129
2,Schizophrenia,179,0.001523012
2,Schizophrenia,180,0.0013648405
2,Schizophrenia,181,0.002262336
2,Schizophrenia,182,0.0026589155
2,Schizophrenia,183,0.0019028278
2,Schizophrenia,184,0.0023053694
2,Schizophrenia,185,0.0022541464
2,Schizophrenia,186,0.0020358027
2,Schizophrenia,187,0.0015532692
2,Schizophrenia,188,0.0017192285
2,Schizophrenia,189,0.0023570003
2,Schizophrenia,190,0.0023696215
2,Schizophrenia,191,0.0024773194
2,Schizophrenia,192,0.0016663201
2,Schizophrenia,193,0.0021244462
2,Schizophrenia,194,0.0021882586
2,Schizophrenia,195,0.0017139704
2,Schizophrenia,196,0.0020072786
2,Schizophrenia,197,0.0026674792
2,Schizophrenia,198,0.0027450593
2,Schizophrenia,199,0.0020694083
2,Schizophrenia,200,0.0020467816
2,Schizophrenia,201,0.0028482908
2,Schizophrenia,202,0.0022692964
2,Schizophrenia,203,0.0016966026
2,Schizophrenia,204,0.001714436
2,Schizophrenia,205,0.002778924
2,Schizophrenia,206,0.0028425574
2,Schizophrenia,207,0.0020086628
2,Schizophrenia,208,0.0018457532
2,Schizophrenia,209,0.0024131602
2,Schizophrenia,210,0.002773961
2,Schizophrenia,211,0.0018542975
2,Schizophrenia,212,0.0020328462
2,Schizophrenia,213,0.0026442884
2,Schizophrenia,214,0.0025728696
2,Schizophrenia,215,0.0017320219
2,Schizophrenia,216,0.0017138607
2,Schizophrenia,217,0.002299484
2,Schizophrenia,218,0.0026747338
2,Schizophrenia,219,0.0019181201
2,Schizophrenia,220,0.0016896728
2,Schizophrenia,221,0.0025269743
2,Schizophrenia,222,0.0021985436
2,Schizophrenia,223,0.0020259928
2,Schizophrenia,224,0.0013841648
2,Schizophrenia,225,0.002620277
2,Schizophrenia,226,0.0025808567
2,Schizophrenia,227,0.0019982948
2,Schizophrenia,228,0.0018230377
2,Schizophrenia,229,0.0022110415
2,Schizophrenia,230,0.001926008
2,Schizophrenia,231,0.0022069127
2,Schizophrenia,232,0.0016631687
2,Schizophrenia,233,0.002552596
2,Schizophrenia,234,0.002869917
2,Schizophrenia,235,0.0016969837
2,Schizophrenia,236,0.001963025
2,Schizophrenia,237,0.0025494567
2,Schizophrenia,238,0.0025143411
2,Schizophrenia,239,0.0022655646
2,Schizophrenia,240,0.0020827183
2,Schizophrenia,241,0.002605617
2,Schizophrenia,242,0.0024184717
2,Schizophrenia,243,0.0014785865
2,Schizophrenia,244,0.0014339908
2,Schizophrenia,245,0.002171693
2,Schizophrenia,246,0.0021985127
2,Schizophrenia,247,0.001592007
2,Schizophrenia,248,0.0016773471
2,Schizophrenia,249,0.002463907
2,Schizophrenia,250,0.002528034
2,Schizophrenia,251,0.0015276878
2,Schizophrenia,252,0.0013771121
2,Schizophrenia,253,0.0020813497
2,Schizophrenia,254,0.002316023
2,Schizophrenia,255,0.0022716266
2,Schizophrenia,256,0.0021990594
2,Schizophrenia,257,0.0023967244
2,Schizophrenia,258,0.0023339845
2,Schizophrenia,259,0.0014339897
2,Schizophrenia,260,0.001751943
2,Schizophrenia,261,0.002921315
2,Schizophrenia,262,0.0027992455
2,Schizophrenia,263,0.001989841
2,Schizophrenia,264,0.0020562964
2,Schizophrenia,265,0.0026094434
2,Schizophrenia,266,0.0027238973
2,Schizophrenia,267,0.0022487945
2,Schizophrenia,268,0.0020858217
2,Schizophrenia,269,0.0028449232
2,Schizophrenia,270,0.0029609594
2,Schizophrenia,271,0.0016608502
2,Schizophrenia,272,0.0015285957
2,Schizophrenia,273,0.001977509
2,Schizophrenia,274,0.0023749387
2,Schizophrenia,275,0.0016506412
2,Schizophrenia,276,0.0019618922
2,Schizophrenia,277,0.0026169613
2,Schizophrenia,278,0.00260401
2,Schizophrenia,279,0.001789737
2,Schizophrenia,280,0.0018409172
2,Schizophrenia,281,0.002120664
2,Schizophrenia,282,0.002054829
2,Schizophrenia,283,0.0023787024
2,Schizophrenia,284,0.0021042593
2,Schizophrenia,285,0.0018490911
2,Schizophrenia,286,0.0018772542
2,Schizophrenia,287,0.0015572178
2,Schizophrenia,288,0.0013361316
2,Schizophrenia,289,0.0025300789
2,Schizophrenia,290,0.0019603046
2,Schizophrenia,291,0.0020207323
2,Schizophrenia,292,0.0020318031
2,Schizophrenia,293,0.0027014175
2,Schizophrenia,294,0.0029238951
2,Schizophrenia,295,0.0019736355
2,Schizophrenia,296,0.0021694181
2,Schizophrenia,297,0.0025290248
2,Schizophrenia,298,0.002520083
2,Schizophrenia,299,0.0016282232
2,Schizophrenia,300,0.0016281761
2,Schizophrenia,301,0.003282167
2,Schizophrenia,302,0.0034912492
2,Schizophrenia,303,0.0020691308
2,Schizophrenia,304,0.0022028538
2,Schizophrenia,305,0.003397902
2,Schizophrenia,306,0.0034413144
2,Schizophrenia,307,0.0025178671
2,Schizophrenia,308,0.0025423863
2,Schizophrenia,309,0.0028883535
2,Schizophrenia,310,0.002957744
2,Schizophrenia,311,0.0018210625
2,Schizophrenia,312,0.0015171176
2,Schizophrenia,313,0.0029999546
2,Schizophrenia,314,0.003084552
2,Schizophrenia,315,0.0017491216
2,Schizophrenia,316,0.0017932176
2,Schizophrenia,317,0.00279379
2,Schizophrenia,318,0.0022565443
2,Schizophrenia,319,0.0018065724
2,Schizophrenia,320,0.0015673381
2,Schizophrenia,321,0.0025511328
2,Schizophrenia,322,0.0025095697
2,Schizophrenia,323,0.0022918636
2,Schizophrenia,324,0.0019212705
2,Schizophrenia,325,0.0026047488
2,Schizophrenia,326,0.0030132972
2,Schizophrenia,327,0.0019163395
2,Schizophrenia,328,0.0017368193
2,Schizophrenia,329,0.0026008575
2,Schizophrenia,330,0.0026530921
2,Schizophrenia,331,0.002148803
2,Schizophrenia,332,0.002406464
2,Schizophrenia,333,0.0030005681
2,Schizophrenia,334,0.0028424868
2,Schizophrenia,335,0.0016725623
2,Schizophrenia,336,0.0013836229
2,Schizophrenia,337,0.0026584202
2,Schizophrenia,338,0.0028178042
2,Schizophrenia,339,0.0018195267
2,Schizophrenia,340,0.001877053
2,Schizophrenia,341,0.0027451518
2,Schizophrenia,342,0.0023692509
2,Schizophrenia,343,0.0018750409
2,Schizophrenia,344,0.0015451832
2,Schizophrenia,345,0.0026653295
2,Schizophrenia,346,0.002522341
2,Schizophrenia,347,0.0018097148
2,Schizophrenia,348,0.0020204007
2,Schizophrenia,349,0.0023191825
2,Schizophrenia,350,0.0025066733
2,Schizophrenia,351,0.001943863
2,Schizophrenia,352,0.0020952958
2,Schizophrenia,353,0.0024142147
2,Schizophrenia,354,0.0020695764
2,Schizophrenia,355,0.001335989
2,Schizophrenia,356,0.0013305951
2,Schizophrenia,357,0.00198472
2,Schizophrenia,358,0.0019706385
2,Schizophrenia,359,0.0011842157
2,Schizophrenia,360,0.001362402
2,Schizophrenia,361,0.0019497424
2,Schizophrenia,362,0.0019341005
2,Schizophrenia,363,0.0013095471
2,Schizophrenia,364,0.0011246528
2,Schizophrenia,365,0.0019962653
2,Schizophrenia,366,0.00254502
2,Schizophrenia,367,0.0019653398
2,Schizophrenia,368,0.0020675277
2,Schizophrenia,369,0.0021092016
2,Schizophrenia,370,0.0020606813
2,Schizophrenia,371,0.0018417805
2,Schizophrenia,372,0.0016061926
2,Schizophrenia,373,0.0019731722
2,Schizophrenia,374,0.0022105775
2,Schizophrenia,375,0.0015252563
2,Schizophrenia,376,0.0014059116
2,Schizophrenia,377,0.0023066723
2,Schizophrenia,378,0.0016790766
2,Schizophrenia,379,0.0013471388
2,Schizophrenia,380,0.0017698295
2,Schizophrenia,381,0.0020997024
2,Schizophrenia,382,0.001731138
2,Schizophrenia,383,0.0017781848
2,Schizophrenia,384,0.0019196734
2,Schizophrenia,385,0.0019352682
2,Schizophrenia,386,0.0017987372
2,Schizophrenia,387,0.0018861179
2,Schizophrenia,388,0.0017591368
2,Schizophrenia,389,0.0024725804
2,Schizophrenia,390,0.0028441006
2,Schizophrenia,391,0.001988583
2,Schizophrenia,392,0.0017174393
2,Schizophrenia,393,0.0022766357
2,Schizophrenia,394,0.0020854347
2,Schizophrenia,395,0.002009419
2,Schizophrenia,396,0.002602976
2,Schizophrenia,397,0.0024075985
2,Schizophrenia,398,0.0021218725
2,Schizophrenia,399,0.0020417573
2,Schizophrenia,400,0.0017042242
2,Schizophrenia,401,0.0026793862
2,Schizophrenia,402,0.002463596
2,Schizophrenia,403,0.0016250071
2,Schizophrenia,404,0.0015548872
2,Schizophrenia,405,0.0025279291
2,Schizophrenia,406,0.0024090905
2,Schizophrenia,407,0.0020335678
2,Schizophrenia,408,0.00215487
2,Schizophrenia,409,0.0028825284
2,Schizophrenia,410,0.002727869
2,Schizophrenia,411,0.0018566306
2,Schizophrenia,412,0.0015480248
2,Schizophrenia,413,0.0022738767
2,Schizophrenia,414,0.0021321224
2,Schizophrenia,415,0.0018149543
2,Schizophrenia,416,0.0016058424
2,Schizophrenia,417,0.00262488
2,Schizophrenia,418,0.0023969861
2,Schizophrenia,419,0.0018786911
2,Schizophrenia,420,0.0020122638
2,Schizophrenia,421,0.0020819565
2,Schizophrenia,422,0.0017642428
2,Schizophrenia,423,0.0020511749
2,Schizophrenia,424,0.0013980578
2,Schizophrenia,425,0.001983277
2,Schizophrenia,426,0.0020179495
2,Schizophrenia,427,0.0013667243
2,Schizophrenia,428,0.0014034403
2,Schizophrenia,429,0.002798352
2,Schizophrenia,430,0.0022313066
2,Schizophrenia,431,0.0023782093
2,Schizophrenia,432,0.0018177655
2,Schizophrenia,433,0.0017837978
2,Schizophrenia,434,0.001804688
2,Schizophrenia,435,0.0016580763
2,Schizophrenia,436,0.00147964
2,Schizophrenia,437,0.0018162748
2,Schizophrenia,438,0.0017279491
2,Schizophrenia,439,0.0021295177
2,Schizophrenia,440,0.0018728044
2,Schizophrenia,441,0.0019535194
2,Schizophrenia,442,0.0016585304
2,Schizophrenia,443,0.0015136556
2,Schizophrenia,444,0.0018414548
2,Schizophrenia,445,0.0020704353
2,Schizophrenia,446,0.0017147469
2,Schizophrenia,447,0.0017548503
2,Schizophrenia,448,0.0012379779
2,Schizophrenia,449,0.0012185074
2,Schizophrenia,450,0.0012451197
2,Schizophrenia,451,0.001664497
2,Schizophrenia,452,0.0009526124
2,Schizophrenia,453,0.0016740996
2,Schizophrenia,454,0.001709103
2,Schizophrenia,455,0.0014011544
2,Schizophrenia,456,0.0011149128
2,Schizophrenia,457,0.0016543983
2,Schizophrenia,458,0.0015640963
2,Schizophrenia,459,0.0011617017
2,Schizophrenia,460,0.0011267911
2,Schizophrenia,461,0.00126878
2,Schizophrenia,462,0.0018672926
2,Schizophrenia,463,0.0012442763
2,Schizophrenia,464,0.001357466
2,Schizophrenia,465,0.0016773988
2,Schizophrenia,466,0.0013209453
2,Schizophrenia,467,0.0018984096
2,Schizophrenia,468,0.0014037148
2,Schizophrenia,469,0.0015869103
2,Schizophrenia,470,0.0018986724
2,Schizophrenia,471,0.001507984
2,Schizophrenia,472,0.0011466261
2,Schizophrenia,473,0.0013994505
2,Schizophrenia,474,0.0012672154
2,Schizophrenia,475,0.0015236837
2,Schizophrenia,476,0.0015070731
2,Schizophrenia,477,0.0012926987
2,Schizophrenia,478,0.0016005198
2,Schizophrenia,479,0.001077574
2,Schizophrenia,480,0.0011152939
2,Schizophrenia,481,0.0015395273
2,Schizophrenia,482,0.0011379918
2,Schizophrenia,483,0.0015998862
2,Schizophrenia,484,0.001399002
2,Schizophrenia,485,0.0015441027
2,Schizophrenia,486,0.0013994095
2,Schizophrenia,487,0.0012615649
2,Schizophrenia,488,0.0012114984
2,Schizophrenia,489,0.0015384242
2,Schizophrenia,490,0.001140757
2,Schizophrenia,491,0.0012070367
2,Schizophrenia,492,0.0009766977
2,Schizophrenia,493,0.001391579
2,Schizophrenia,494,0.0019244656
2,Schizophrenia,495,0.0016552785
2,Schizophrenia,496,0.0010728652
2,Schizophrenia,497,0.0014257724
2,Schizophrenia,498,0.0018078848
2,Schizophrenia,499,0.0014831224
2,Schizophrenia,500,0.0008063656
2,Schizophrenia,501,0.0010592679
2,Schizophrenia,502,0.0014827308
2,Schizophrenia,503,0.0018557814
2,Schizophrenia,504,0.0010539003
2,Schizophrenia,505,0.0012298989
2,Schizophrenia,506,0.0015624515
2,Schizophrenia,507,0.0014026138
2,Schizophrenia,508,0.0013721443
2,Schizophrenia,509,0.0007111119
2,Schizophrenia,510,0.0012679839
2,Schizophrenia,511,0.001815734
2,Schizophrenia,512,0.0009840669
2,Schizophrenia,513,0.0012659761
2,Schizophrenia,514,0.0010309446
2,Schizophrenia,515,0.0013398528
2,Schizophrenia,516,0.00079726276
2,Schizophrenia,517,0.0010091942
2,Schizophrenia,518,0.0010598806
2,Schizophrenia,519,0.0010196655
2,Schizophrenia,520,0.00079644186
2,Schizophrenia,521,0.0011772962
2,Schizophrenia,522,0.0009111116
2,Schizophrenia,523,0.00138972
2,Schizophrenia,524,0.0009548907
2,Schizophrenia,525,0.0009382527
2,Schizophrenia,526,0.000767815
2,Schizophrenia,527,0.001704171
2,Schizophrenia,528,0.0009987092
2,Schizophrenia,529,0.00095435104
2,Schizophrenia,530,0.0010755787
2,Schizophrenia,531,0.001029952
2,Schizophrenia,532,0.00081601663
2,Schizophrenia,533,0.0013512834
2,Schizophrenia,534,0.0009780317
2,Schizophrenia,535,0.0007961086
2,Schizophrenia,536,0.0007596194
2,Schizophrenia,537,0.0008429929
2,Schizophrenia,538,0.00087132334
2,Schizophrenia,539,0.0009566934
2,Schizophrenia,540,0.00080388127
2,Schizophrenia,541,0.0011879526
2,Schizophrenia,542,0.0012171718
2,Schizophrenia,543,0.00083565136
2,Schizophrenia,544,0.0010175676
2,Schizophrenia,545,0.0007309338
2,Schizophrenia,546,0.00091297756
2,Schizophrenia,547,0.0012535728
2,Schizophrenia,548,0.0011199967
2,Schizophrenia,549,0.0011752372
2,Schizophrenia,550,0.0013062465
2,Schizophrenia,551,0.001411251
2,Schizophrenia,552,0.0012464322
2,Schizophrenia,553,0.0011908296
2,Schizophrenia,554,0.0010939776
2,Schizophrenia,555,0.001411465
2,Schizophrenia,556,0.00078251417
2,Schizophrenia,557,0.0015585785
2,Schizophrenia,558,0.0010235019
2,Schizophrenia,559,0.0013581099
2,Schizophrenia,560,0.0011879486
2,Schizophrenia,561,0.0013787909
2,Schizophrenia,562,0.0010642441
2,Schizophrenia,563,0.0012264476
2,Schizophrenia,564,0.0010113827
2,Schizophrenia,565,0.0010356788
2,Schizophrenia,566,0.00094876735
2,Schizophrenia,567,0.0012856177
2,Schizophrenia,568,0.0010696084
2,Schizophrenia,569,0.0011689713
2,Schizophrenia,570,0.0008113211
2,Schizophrenia,571,0.0012611359
2,Schizophrenia,572,0.0009850921
2,Schizophrenia,573,0.00080234697
2,Schizophrenia,574,0.0007674236
2,Schizophrenia,575,0.0012279907
2,Schizophrenia,576,0.0015107585
2,Schizophrenia,577,0.00087856443
2,Schizophrenia,578,0.0010609647
2,Schizophrenia,579,0.0016422109
2,Schizophrenia,580,0.0008369871
2,Schizophrenia,581,0.0010958357
2,Schizophrenia,582,0.00064376637
2,Schizophrenia,583,0.0014844513
2,Schizophrenia,584,0.0013324056
2,Schizophrenia,585,0.0009858812
2,Schizophrenia,586,0.0010066639
2,Schizophrenia,587,0.0008481906
2,Schizophrenia,588,0.0012884
2,Schizophrenia,589,0.0012206546
2,Schizophrenia,590,0.0012400952
2,Schizophrenia,591,0.0014797351
2,Schizophrenia,592,0.00082826434
2,Schizophrenia,593,0.0010133068
2,Schizophrenia,594,0.001265751
2,Schizophrenia,595,0.00093927176
2,Schizophrenia,596,0.00094769517
2,Schizophrenia,597,0.0010121458
2,Schizophrenia,598,0.00075680425
2,Schizophrenia,599,0.001055769
2,Schizophrenia,600,0.0009471519
2,Schizophrenia,601,0.0013504331
2,Schizophrenia,602,0.0007724139
2,Schizophrenia,603,0.001170372
2,Schizophrenia,604,0.0007537857
2,Schizophrenia,605,0.0005780789
2,Schizophrenia,606,0.0006111175
2,Schizophrenia,607,0.0011699012
2,Schizophrenia,608,0.00096743734
2,Schizophrenia,609,0.001478165
2,Schizophrenia,610,0.0008774469
2,Schizophrenia,611,0.0009557383
2,Schizophrenia,612,0.0006780404
2,Schizophrenia,613,0.00090680714
2,Schizophrenia,614,0.00085846824
2,Schizophrenia,615,0.0010880734
2,Schizophrenia,616,0.0009877001
2,Schizophrenia,617,0.0016332462
2,Schizophrenia,618,0.0009783043
2,Schizophrenia,619,0.0010219007
2,Schizophrenia,620,0.00077065657
2,Schizophrenia,621,0.0010744658
2,Schizophrenia,622,0.0012009968
2,Schizophrenia,623,0.0011729273
2,Schizophrenia,624,0.0012316258
2,Schizophrenia,625,0.0010420578
2,Schizophrenia,626,0.001237267
2,Schizophrenia,627,0.0011053177
2,Schizophrenia,628,0.001381336
2,Schizophrenia,629,0.00073216093
2,Schizophrenia,630,0.00046698458
2,Schizophrenia,631,0.00053622056
2,Schizophrenia,632,0.00049485924
2,Schizophrenia,633,0.00084204343
2,Schizophrenia,634,0.0006838378
2,Schizophrenia,635,0.00064879766
2,Schizophrenia,636,0.0007595696
2,Schizophrenia,637,0.0005338724
2,Schizophrenia,638,0.0005343619
2,Schizophrenia,639,0.001427657
2,Schizophrenia,640,0.0011102974
2,Schizophrenia,641,0.0010485847
2,Schizophrenia,642,0.0005194816
2,Schizophrenia,643,0.0006082652
2,Schizophrenia,644,0.000786907
2,Schizophrenia,645,0.0013556482
2,Schizophrenia,646,0.0006378186
2,Schizophrenia,647,0.0010902458
2,Schizophrenia,648,0.0015743524
2,Schizophrenia,649,0.0014280077
2,Schizophrenia,650,0.00091940607
2,Schizophrenia,651,0.0005447798
2,Schizophrenia,652,0.0008628972
2,Schizophrenia,653,0.00056119484
2,Schizophrenia,654,0.00087644416
2,Schizophrenia,655,0.00069938385
2,Schizophrenia,656,0.00090177625
2,Schizophrenia,657,0.0014630662
2,Schizophrenia,658,0.0012905903
2,Schizophrenia,659,0.0011259662
2,Schizophrenia,660,0.0010781136
2,Schizophrenia,661,0.0006065772
2,Schizophrenia,662,0.00093259296
2,Schizophrenia,663,0.00130699
2,Schizophrenia,664,0.0011970787
2,Schizophrenia,665,0.0013918967
2,Schizophrenia,666,0.0014800332
2,Schizophrenia,667,0.0011694111
2,Schizophrenia,668,0.0012680761
2,Schizophrenia,669,0.0011085782
2,Schizophrenia,670,0.0008740237
2,Schizophrenia,671,0.0015984669
2,Schizophrenia,672,0.0006570418
2,Schizophrenia,673,0.0009145875
2,Schizophrenia,674,0.0009147331
2,Schizophrenia,675,0.0019453316
2,Schizophrenia,676,0.0010078795
2,Schizophrenia,677,0.00094216503
2,Schizophrenia,678,0.00066243036
2,Schizophrenia,679,0.0011041815
2,Schizophrenia,680,0.0010245469
2,Schizophrenia,681,0.0010312279
2,Schizophrenia,682,0.00054846687
2,Schizophrenia,683,0.0010573613
2,Schizophrenia,684,0.00051123387
2,Schizophrenia,685,0.0014845871
2,Schizophrenia,686,0.0010917508
2,Schizophrenia,687,0.0009878562
2,Schizophrenia,688,0.00059093785
2,Schizophrenia,689,0.0010511694
2,Schizophrenia,690,0.0008341223
2,Schizophrenia,691,0.0016426644
2,Schizophrenia,692,0.0017058074
2,Schizophrenia,693,0.00128514
2,Schizophrenia,694,0.0010888008
2,Schizophrenia,695,0.0012687951
2,Schizophrenia,696,0.0010058973
2,Schizophrenia,697,0.0009237147
2,Schizophrenia,698,0.00096095935
2,Schizophrenia,699,0.001092007
2,Schizophrenia,700,0.0012624249
2,Schizophrenia,701,0.0011285027
2,Schizophrenia,702,0.0009771602
2,Schizophrenia,703,0.0006345837
2,Schizophrenia,704,0.0007261981
2,Schizophrenia,705,0.0009130392
2,Schizophrenia,706,0.0007077544
2,Schizophrenia,707,0.0017640755
2,Schizophrenia,708,0.0009441626
2,Schizophrenia,709,0.0013597534
2,Schizophrenia,710,0.0009626847
2,Schizophrenia,711,0.0014325255
2,Schizophrenia,712,0.00077272655
2,Schizophrenia,713,0.00094977283
2,Schizophrenia,714,0.00047771205
2,Schizophrenia,715,0.0010668661
2,Schizophrenia,716,0.00079784694
2,Schizophrenia,717,0.0009838168
2,Schizophrenia,718,0.0010844684
2,Schizophrenia,719,0.0007431603
2,Schizophrenia,720,0.0007170321
2,Schizophrenia,721,0.00087315065
2,Schizophrenia,722,0.0009015082
2,Schizophrenia,723,0.0016074649
2,Schizophrenia,724,0.000925799
2,Schizophrenia,725,0.0013336407
2,Schizophrenia,726,0.0005480149
2,Schizophrenia,727,0.0016087417
2,Schizophrenia,728,0.0007983883
2,Schizophrenia,729,0.0007439637
2,Schizophrenia,730,0.0006516643
2,Schizophrenia,731,0.0011630185
2,Schizophrenia,732,0.00050570624
2,Schizophrenia,733,0.0008924624
2,Schizophrenia,734,0.0011827983
2,Schizophrenia,735,0.0009930665
2,Schizophrenia,736,0.0009790558
2,Schizophrenia,737,0.0010862777
2,Schizophrenia,738,0.0008602645
2,Schizophrenia,739,0.0012968928
2,Schizophrenia,740,0.001484014
2,Schizophrenia,741,0.0014130056
2,Schizophrenia,742,0.0012012874
2,Schizophrenia,743,0.0010965005
2,Schizophrenia,744,0.001205269
2,Schizophrenia,745,0.00101933
2,Schizophrenia,746,0.0012385908
2,Schizophrenia,747,0.0008928835
2,Schizophrenia,748,0.0009363233
2,Schizophrenia,749,0.0010567844
2,Schizophrenia,750,0.00075313007
2,Schizophrenia,751,0.00079098257
2,Schizophrenia,752,0.00074717007
2,Schizophrenia,753,0.0008812595
2,Schizophrenia,754,0.0008794393
2,Schizophrenia,755,0.00087727606
2,Schizophrenia,756,0.00078889274
2,Schizophrenia,757,0.0010952872
2,Schizophrenia,758,0.0011871664
2,Schizophrenia,759,0.0010823202
2,Schizophrenia,760,0.00087259075
2,Schizophrenia,761,0.00081415067
2,Schizophrenia,762,0.0010683738
2,Schizophrenia,763,0.0014042984
2,Schizophrenia,764,0.001224129
2,Schizophrenia,765,0.0019587153
2,Schizophrenia,766,0.0009357398
2,Schizophrenia,767,0.0010720119
2,Schizophrenia,768,0.0013118834
2,Schizophrenia,769,0.0012224821
2,Schizophrenia,770,0.0010790139
2,Schizophrenia,771,0.0010606522
2,Schizophrenia,772,0.0010829405
2,Schizophrenia,773,0.0005688852
2,Schizophrenia,774,0.0004709634
2,Schizophrenia,775,0.00061376294
2,Schizophrenia,776,0.00079969154
2,Schizophrenia,777,0.00088888063
2,Schizophrenia,778,0.0007159229
2,Schizophrenia,779,0.0016567503
2,Schizophrenia,780,0.0007777924
2,Schizophrenia,781,0.0008934459
2,Schizophrenia,782,0.000617311
2,Schizophrenia,783,0.0010068051
2,Schizophrenia,784,0.00055757235
2,Schizophrenia,785,0.00066457415
2,Schizophrenia,786,0.0008035225
2,Schizophrenia,787,0.0015876469
2,Schizophrenia,788,0.00084408926
2,Schizophrenia,789,0.00089443615
2,Schizophrenia,790,0.0006286686
2,Schizophrenia,791,0.00078001514
2,Schizophrenia,792,0.00081748964
2,Schizophrenia,793,0.00079811824
2,Schizophrenia,794,0.00078718335
2,Schizophrenia,795,0.0009802389
2,Schizophrenia,796,0.0010638575
2,Schizophrenia,797,0.0008972687
2,Schizophrenia,798,0.0007880371
2,Schizophrenia,799,0.0009062785
2,Schizophrenia,800,0.001080152
2,Schizophrenia,801,0.0011968771
2,Schizophrenia,802,0.00088199315
2,Schizophrenia,803,0.00082880957
2,Schizophrenia,804,0.0013701688
2,Schizophrenia,805,0.001679149
2,Schizophrenia,806,0.000678294
2,Schizophrenia,807,0.0011826523
2,Schizophrenia,808,0.00092911796
2,Schizophrenia,809,0.0010264866
2,Schizophrenia,810,0.0009864939
2,Schizophrenia,811,0.00087480486
2,Schizophrenia,812,0.0005238991
2,Schizophrenia,813,0.001325264
2,Schizophrenia,814,0.0013500318
2,Schizophrenia,815,0.001525548
2,Schizophrenia,816,0.00084397057
2,Schizophrenia,817,0.0009663316
2,Schizophrenia,818,0.0010458932
2,Schizophrenia,819,0.0013488551
2,Schizophrenia,820,0.0008182829
2,Schizophrenia,821,0.001126199
2,Schizophrenia,822,0.0009953525
2,Schizophrenia,823,0.0014571621
2,Schizophrenia,824,0.00069294515
2,Schizophrenia,825,0.001243575
2,Schizophrenia,826,0.0008480901
2,Schizophrenia,827,0.00095280516
2,Schizophrenia,828,0.0007309289
2,Schizophrenia,829,0.0012062236
2,Schizophrenia,830,0.0012933187
2,Schizophrenia,831,0.001348594
2,Schizophrenia,832,0.0017262915
2,Schizophrenia,833,0.0012325514
2,Schizophrenia,834,0.001115213
2,Schizophrenia,835,0.00077620393
2,Schizophrenia,836,0.0011016023
2,Schizophrenia,837,0.0010482873
2,Schizophrenia,838,0.00070826744
2,Schizophrenia,839,0.0009581764
2,Schizophrenia,840,0.0011465654
2,Schizophrenia,841,0.0014956488
2,Schizophrenia,842,0.0011639777
2,Schizophrenia,843,0.0006829194
2,Schizophrenia,844,0.0013481018
2,Schizophrenia,845,0.0010560086
2,Schizophrenia,846,0.0008634342
2,Schizophrenia,847,0.0010045414
2,Schizophrenia,848,0.0009038401
2,Schizophrenia,849,0.0007734038
2,Schizophrenia,850,0.001235913
2,Schizophrenia,851,0.0013547103
2,Schizophrenia,852,0.0009932205
2,Schizophrenia,853,0.0020385426
2,Schizophrenia,854,0.0015879805
2,Schizophrenia,855,0.0008959403
2,Schizophrenia,856,0.00095881155
2,Schizophrenia,857,0.0011272589
2,Schizophrenia,858,0.001203547
2,Schizophrenia,859,0.000707256
2,Schizophrenia,860,0.001428026
2,Schizophrenia,861,0.0008335767
2,Schizophrenia,862,0.0015285707
2,Schizophrenia,863,0.0013516253
2,Schizophrenia,864,0.0012492366
2,Schizophrenia,865,0.0010295602
2,Schizophrenia,866,0.00066581427
2,Schizophrenia,867,0.0008793208
2,Schizophrenia,868,0.00085022097
2,Schizophrenia,869,0.001180721
2,Schizophrenia,870,0.0008651326
2,Schizophrenia,871,0.001122436
2,Schizophrenia,872,0.0010488406
2,Schizophrenia,873,0.0012546527
2,Schizophrenia,874,0.000585367
2,Schizophrenia,875,0.00079095794
2,Schizophrenia,876,0.0009465595
2,Schizophrenia,877,0.00089948234
2,Schizophrenia,878,0.0005656146
2,Schizophrenia,879,0.0011050394
2,Schizophrenia,880,0.0010303017
2,Schizophrenia,881,0.0012037901
2,Schizophrenia,882,0.0009038272
2,Schizophrenia,883,0.0010730139
2,Schizophrenia,884,0.00085646624
2,Schizophrenia,885,0.0010167264
2,Schizophrenia,886,0.0009733422
2,Schizophrenia,887,0.0011850524
2,Schizophrenia,888,0.0011722507
2,Schizophrenia,889,0.0016714749
2,Schizophrenia,890,0.0012021074
2,Schizophrenia,891,0.0017093845
2,Schizophrenia,892,0.0015633722
2,Schizophrenia,893,0.00096051936
2,Schizophrenia,894,0.0010816515
2,Schizophrenia,895,0.0015254036
2,Schizophrenia,896,0.0012205412
2,Schizophrenia,897,0.0013563788
2,Schizophrenia,898,0.0019285053
2,Schizophrenia,899,0.0010758863
2,Schizophrenia,900,0.0010654938
2,Schizophrenia,901,0.0012178771
2,Schizophrenia,902,0.0009347575
2,Schizophrenia,903,0.0008489516
2,Schizophrenia,904,0.0009265268
2,Schizophrenia,905,0.0016080854
2,Schizophrenia,906,0.0012972908
2,Schizophrenia,907,0.0018720132
2,Schizophrenia,908,0.0011461588
2,Schizophrenia,909,0.0013632018
2,Schizophrenia,910,0.001033129
2,Schizophrenia,911,0.001600701
2,Schizophrenia,912,0.0011251617
2,Schizophrenia,913,0.0013217313
2,Schizophrenia,914,0.0009092904
2,Schizophrenia,915,0.0008676962
2,Schizophrenia,916,0.00089501264
2,Schizophrenia,917,0.0012177313
2,Schizophrenia,918,0.0012510654
2,Schizophrenia,919,0.0010862557
2,Schizophrenia,920,0.0011787225
2,Schizophrenia,921,0.0012639672
2,Schizophrenia,922,0.0009815107
2,Schizophrenia,923,0.00095609366
2,Schizophrenia,924,0.0010142296
2,Schizophrenia,925,0.0008353803
2,Schizophrenia,926,0.0010937583
2,Schizophrenia,927,0.0015456495
2,Schizophrenia,928,0.00096441293
2,Schizophrenia,929,0.0012191222
2,Schizophrenia,930,0.0013713118
2,Schizophrenia,931,0.0010329246
2,Schizophrenia,932,0.0012030692
2,Schizophrenia,933,0.0014423915
2,Schizophrenia,934,0.0010659427
2,Schizophrenia,935,0.0007098589
2,Schizophrenia,936,0.0014781472
2,Schizophrenia,937,0.0008933561
2,Schizophrenia,938,0.00075436675
2,Schizophrenia,939,0.0009576711
2,Schizophrenia,940,0.001637232
2,Schizophrenia,941,0.0008522633
2,Schizophrenia,942,0.0011882425
2,Schizophrenia,943,0.0011635539
2,Schizophrenia,944,0.0009947733
2,Schizophrenia,945,0.0011208495
2,Schizophrenia,946,0.00091678195
2,Schizophrenia,947,0.0015387321
2,Schizophrenia,948,0.00090411975
2,Schizophrenia,949,0.0010832403
2,Schizophrenia,950,0.0012522421
2,Schizophrenia,951,0.0011612673
2,Schizophrenia,952,0.0017108083
2,Schizophrenia,953,0.0013945876
2,Schizophrenia,954,0.001490802
2,Schizophrenia,955,0.0017528113
2,Schizophrenia,956,0.001618494
2,Schizophrenia,957,0.0018011223
2,Schizophrenia,958,0.0012937764
2,Schizophrenia,959,0.001893013
2,Schizophrenia,960,0.001356424
2,Schizophrenia,961,0.0016005053
2,Schizophrenia,962,0.001265744
2,Schizophrenia,963,0.0016425826
2,Schizophrenia,964,0.0013889787
2,Schizophrenia,965,0.0012992028
2,Schizophrenia,966,0.0012040373
2,Schizophrenia,967,0.0015313574
2,Schizophrenia,968,0.0012754251
2,Schizophrenia,969,0.0013037432
2,Schizophrenia,970,0.0012988847
2,Schizophrenia,971,0.0014152232
2,Schizophrenia,972,0.0012238474
2,Schizophrenia,973,0.0012006873
2,Schizophrenia,974,0.0012585724
2,Schizophrenia,975,0.0018630263
2,Schizophrenia,976,0.0012613363
2,Schizophrenia,977,0.0013346076
2,Schizophrenia,978,0.0014475099
2,Schizophrenia,979,0.0014839375
2,Schizophrenia,980,0.0013293743
2,Schizophrenia,981,0.0013488982
2,Schizophrenia,982,0.0015678917
2,Schizophrenia,983,0.0012144488
2,Schizophrenia,984,0.0012310126
2,Schizophrenia,985,0.0011200691
2,Schizophrenia,986,0.00096672977
2,Schizophrenia,987,0.0012366752
2,Schizophrenia,988,0.000867996
2,Schizophrenia,989,0.0009265103
2,Schizophrenia,990,0.0011497573
2,Schizophrenia,991,0.0013224303
2,Schizophrenia,992,0.001211506
2,Schizophrenia,993,0.001772209
2,Schizophrenia,994,0.0010287289
2,Schizophrenia,995,0.001292499
2,Schizophrenia,996,0.0012085668
2,Schizophrenia,997,0.0014376971
2,Schizophrenia,998,0.0012609769
2,Schizophrenia,999,0.0010825071
2,Schizophrenia,1000,0.0010249849
2,Schizophrenia,1001,0.0014777178
2,Schizophrenia,1002,0.0013940323
2,Schizophrenia,1003,0.0012728403
2,Schizophrenia,1004,0.0013207142
2,Schizophrenia,1005,0.0010632522
2,Schizophrenia,1006,0.0009372817
2,Schizophrenia,1007,0.00073477364
2,Schizophrenia,1008,0.0010864888
2,Schizophrenia,1009,0.0009299145
2,Schizophrenia,1010,0.0011889298
2,Schizophrenia,1011,0.0010763459
2,Schizophrenia,1012,0.0010158757
2,Schizophrenia,1013,0.0015143187
2,Schizophrenia,1014,0.0014605327
2,Schizophrenia,1015,0.0017478236
2,Schizophrenia,1016,0.0015916908
2,Schizophrenia,1017,0.0017722629
2,Schizophrenia,1018,0.0015202187
2,Schizophrenia,1019,0.0016813722
2,Schizophrenia,1020,0.0014920733
2,Schizophrenia,1021,0.0014501491
2,Schizophrenia,1022,0.0009916845
2,Schizophrenia,1023,0.0013280261
2,Schizophrenia,1024,0.0010766407
2,Schizophrenia,1025,0.0010625187
2,Schizophrenia,1026,0.0010907343
2,Schizophrenia,1027,0.0012268419
2,Schizophrenia,1028,0.0013372898
2,Schizophrenia,1029,0.0014466298
2,Schizophrenia,1030,0.0012052191
2,Schizophrenia,1031,0.00089146587
2,Schizophrenia,1032,0.0010995549
2,Schizophrenia,1033,0.0012126612
2,Schizophrenia,1034,0.0013909115
2,Schizophrenia,1035,0.0013804757
2,Schizophrenia,1036,0.000985809
2,Schizophrenia,1037,0.0013159151
2,Schizophrenia,1038,0.0012956164
2,Schizophrenia,1039,0.0012615797
2,Schizophrenia,1040,0.0008195968
2,Schizophrenia,1041,0.001120634
2,Schizophrenia,1042,0.0013900715
2,Schizophrenia,1043,0.0012880896
2,Schizophrenia,1044,0.0011022822
2,Schizophrenia,1045,0.0010598223
2,Schizophrenia,1046,0.0012378335
2,Schizophrenia,1047,0.0010885771
2,Schizophrenia,1048,0.0010459473
2,Schizophrenia,1049,0.0012792308
2,Schizophrenia,1050,0.0013187544
2,Schizophrenia,1051,0.0019103969
2,Schizophrenia,1052,0.0012114544
2,Schizophrenia,1053,0.0012292957
2,Schizophrenia,1054,0.0015745607
2,Schizophrenia,1055,0.0013975155
2,Schizophrenia,1056,0.0011113056
2,Schizophrenia,1057,0.001035529
2,Schizophrenia,1058,0.0010247051
2,Schizophrenia,1059,0.00095293403
2,Schizophrenia,1060,0.0010968955
2,Schizophrenia,1061,0.0011236373
2,Schizophrenia,1062,0.0014413288
2,Schizophrenia,1063,0.0010885126
2,Schizophrenia,1064,0.0009984775
2,Schizophrenia,1065,0.0013400672
2,Schizophrenia,1066,0.0012508017
2,Schizophrenia,1067,0.0011732704
2,Schizophrenia,1068,0.0012307819
2,Schizophrenia,1069,0.0016631379
2,Schizophrenia,1070,0.001204571
2,Schizophrenia,1071,0.0013572503
2,Schizophrenia,1072,0.0011547521
2,Schizophrenia,1073,0.001119306
2,Schizophrenia,1074,0.0008268885
2,Schizophrenia,1075,0.00095074275
2,Schizophrenia,1076,0.0015491158
2,Schizophrenia,1077,0.0010537892
2,Schizophrenia,1078,0.0009240934
2,Schizophrenia,1079,0.0011387859
2,Schizophrenia,1080,0.0009814324
2,Schizophrenia,1081,0.00086307956
2,Schizophrenia,1082,0.0006665505
2,Schizophrenia,1083,0.0013115293
2,Schizophrenia,1084,0.0007905236
2,Schizophrenia,1085,0.0012445344
2,Schizophrenia,1086,0.0016620603
2,Schizophrenia,1087,0.0009791624
2,Schizophrenia,1088,0.00095344184
2,Schizophrenia,1089,0.0012333151
2,Schizophrenia,1090,0.0010959499
2,Schizophrenia,1091,0.0012067669
2,Schizophrenia,1092,0.00091275235
2,Schizophrenia,1093,0.0016362424
2,Schizophrenia,1094,0.0010041882
2,Schizophrenia,1095,0.0009071832
2,Schizophrenia,1096,0.0007929653
2,Schizophrenia,1097,0.0014497457
2,Schizophrenia,1098,0.0010457911
2,Schizophrenia,1099,0.0009237466
2,Schizophrenia,1100,0.0010390141
2,Schizophrenia,1101,0.0016328656
2,Schizophrenia,1102,0.0016606132
2,Schizophrenia,1103,0.00075964927
2,Schizophrenia,1104,0.0011838126
2,Schizophrenia,1105,0.00081170903
2,Schizophrenia,1106,0.001073517
2,Schizophrenia,1107,0.0019336264
2,Schizophrenia,1108,0.0009843563
2,Schizophrenia,1109,0.0018862686
2,Schizophrenia,1110,0.0017276113
2,Schizophrenia,1111,0.0010787213
2,Schizophrenia,1112,0.00073110464
2,Schizophrenia,1113,0.0010454456
2,Schizophrenia,1114,0.00074299925
2,Schizophrenia,1115,0.0012016823
2,Schizophrenia,1116,0.00095080404
2,Schizophrenia,1117,0.0016707228
2,Schizophrenia,1118,0.0017956325
2,Schizophrenia,1119,0.0015639749
2,Schizophrenia,1120,0.0012875161
2,Schizophrenia,1121,0.0011970834
2,Schizophrenia,1122,0.0010432124
2,Schizophrenia,1123,0.0015076565
2,Schizophrenia,1124,0.001380851
2,Schizophrenia,1125,0.001977192
2,Schizophrenia,1126,0.0013162197
2,Schizophrenia,1127,0.0020338814
2,Schizophrenia,1128,0.0014729905
2,Schizophrenia,1129,0.0023636762
2,Schizophrenia,1130,0.0016995111
2,Schizophrenia,1131,0.0016910542
2,Schizophrenia,1132,0.0013711555
2,Schizophrenia,1133,0.00123811
2,Schizophrenia,1134,0.0015144483
2,Schizophrenia,1135,0.0011776366
2,Schizophrenia,1136,0.0015217086
2,Schizophrenia,1137,0.0011575617
2,Schizophrenia,1138,0.0010735288
2,Schizophrenia,1139,0.0016189225
2,Schizophrenia,1140,0.0023509117
2,Schizophrenia,1141,0.0015641921
2,Schizophrenia,1142,0.0013732584
2,Schizophrenia,1143,0.0014888224
2,Schizophrenia,1144,0.001275159
2,Schizophrenia,1145,0.0014715403
2,Schizophrenia,1146,0.0017237635
2,Schizophrenia,1147,0.001655097
2,Schizophrenia,1148,0.0014568211
2,Schizophrenia,1149,0.002134725
2,Schizophrenia,1150,0.001993469
2,Schizophrenia,1151,0.0019158171
2,Schizophrenia,1152,0.0017052605
2,Schizophrenia,1153,0.0020292879
2,Schizophrenia,1154,0.0016722612
2,Schizophrenia,1155,0.0019614662
2,Schizophrenia,1156,0.0018175879
2,Schizophrenia,1157,0.0018544254
2,Schizophrenia,1158,0.0016676295
2,Schizophrenia,1159,0.0024728691
2,Schizophrenia,1160,0.0012305584
2,Schizophrenia,1161,0.0014025965
2,Schizophrenia,1162,0.0015004185
2,Schizophrenia,1163,0.0014678836
2,Schizophrenia,1164,0.0013530034
2,Schizophrenia,1165,0.0016711042
2,Schizophrenia,1166,0.0010560184
2,Schizophrenia,1167,0.0016476905
2,Schizophrenia,1168,0.0008500831
2,Schizophrenia,1169,0.0010807723
2,Schizophrenia,1170,0.0012020464
2,Schizophrenia,1171,0.0014063896
2,Schizophrenia,1172,0.0020587377
2,Schizophrenia,1173,0.0015627048
2,Schizophrenia,1174,0.001841177
2,Schizophrenia,1175,0.0013105194
2,Schizophrenia,1176,0.001587287
2,Schizophrenia,1177,0.0014240828
2,Schizophrenia,1178,0.0011925254
2,Schizophrenia,1179,0.0013819134
2,Schizophrenia,1180,0.0016408982
2,Schizophrenia,1181,0.0017289899
2,Schizophrenia,1182,0.0015907475
2,Schizophrenia,1183,0.0012120553
2,Schizophrenia,1184,0.0010241787
2,Schizophrenia,1185,0.0013828285
2,Schizophrenia,1186,0.0013588071
2,Schizophrenia,1187,0.0014002952
2,Schizophrenia,1188,0.000903855
2,Schizophrenia,1189,0.001955603
2,Schizophrenia,1190,0.0019327393
2,Schizophrenia,1191,0.0014931111
2,Schizophrenia,1192,0.0015640127
2,Schizophrenia,1193,0.0017951838
2,Schizophrenia,1194,0.0012065666
2,Schizophrenia,1195,0.0015263504
2,Schizophrenia,1196,0.0010050456
2,Schizophrenia,1197,0.0011699012
2,Schizophrenia,1198,0.0015048358
2,Schizophrenia,1199,0.0011587908
2,Schizophrenia,1200,0.001541109
2,Schizophrenia,1201,0.0016959511
2,Schizophrenia,1202,0.002085821
2,Schizophrenia,1203,0.0010332919
2,Schizophrenia,1204,0.0010635003
2,Schizophrenia,1205,0.001218602
2,Schizophrenia,1206,0.0010871831
2,Schizophrenia,1207,0.001695179
2,Schizophrenia,1208,0.00194781
2,Schizophrenia,1209,0.0014060996
2,Schizophrenia,1210,0.0014151288
2,Schizophrenia,1211,0.0013509031
2,Schizophrenia,1212,0.0012562663
2,Schizophrenia,1213,0.001364224
2,Schizophrenia,1214,0.0013653429
2,Schizophrenia,1215,0.0013539295
2,Schizophrenia,1216,0.0013423184
2,Schizophrenia,1217,0.0020573612
2,Schizophrenia,1218,0.0012902941
2,Schizophrenia,1219,0.0018470212
2,Schizophrenia,1220,0.0010906646
2,Schizophrenia,1221,0.0021759616
2,Schizophrenia,1222,0.0019213243
2,Schizophrenia,1223,0.0015458704
2,Schizophrenia,1224,0.0016444759
2,Schizophrenia,1225,0.0017608078
2,Schizophrenia,1226,0.0018592679
2,Schizophrenia,1227,0.0013700597
2,Schizophrenia,1228,0.0016928694
2,Schizophrenia,1229,0.0014330171
2,Schizophrenia,1230,0.0014949498
2,Schizophrenia,1231,0.0014965725
2,Schizophrenia,1232,0.0013834536
2,Schizophrenia,1233,0.0017500587
2,Schizophrenia,1234,0.0017437328
2,Schizophrenia,1235,0.0015132922
2,Schizophrenia,1236,0.0014067395
2,Schizophrenia,1237,0.0014419967
2,Schizophrenia,1238,0.0016014718
2,Schizophrenia,1239,0.0009685244
2,Schizophrenia,1240,0.0011475462
2,Schizophrenia,1241,0.0019368416
2,Schizophrenia,1242,0.0024457397
2,Schizophrenia,1243,0.0016742283
2,Schizophrenia,1244,0.001528312
2,Schizophrenia,1245,0.0017339757
2,Schizophrenia,1246,0.0018612215
2,Schizophrenia,1247,0.0021848301
2,Schizophrenia,1248,0.0019320948
2,Schizophrenia,1249,0.0021328013
2,Schizophrenia,1250,0.002322403
2,Schizophrenia,1251,0.0018065801
2,Schizophrenia,1252,0.0015150112
2,Schizophrenia,1253,0.0018896058
2,Schizophrenia,1254,0.002191755
2,Schizophrenia,1255,0.0018557508
2,Schizophrenia,1256,0.001770596
2,Schizophrenia,1257,0.0019505004
2,Schizophrenia,1258,0.002099808
2,Schizophrenia,1259,0.0014617558
2,Schizophrenia,1260,0.0013500102
2,Schizophrenia,1261,0.0018415905
2,Schizophrenia,1262,0.0023765871
2,Schizophrenia,1263,0.0013832483
2,Schizophrenia,1264,0.0017965669
2,Schizophrenia,1265,0.0017155218
2,Schizophrenia,1266,0.001587395
2,Schizophrenia,1267,0.0016446789
2,Schizophrenia,1268,0.0016624107
2,Schizophrenia,1269,0.0020267607
2,Schizophrenia,1270,0.0022028028
2,Schizophrenia,1271,0.0013565558
2,Schizophrenia,1272,0.0017090776
2,Schizophrenia,1273,0.0024617135
2,Schizophrenia,1274,0.0015621652
2,Schizophrenia,1275,0.0013247149
2,Schizophrenia,1276,0.0015464287
2,Schizophrenia,1277,0.0013690299
2,Schizophrenia,1278,0.0015180032
2,Schizophrenia,1279,0.0015478022
2,Schizophrenia,1280,0.0014723237
2,Schizophrenia,1281,0.0019056262
2,Schizophrenia,1282,0.0015635411
2,Schizophrenia,1283,0.0015789787
2,Schizophrenia,1284,0.0013918052
2,Schizophrenia,1285,0.0019114327
2,Schizophrenia,1286,0.002044791
2,Schizophrenia,1287,0.0020811965
2,Schizophrenia,1288,0.0022028985
2,Schizophrenia,1289,0.0022329637
2,Schizophrenia,1290,0.0023677573
2,Schizophrenia,1291,0.002057967
2,Schizophrenia,1292,0.0019765643
2,Schizophrenia,1293,0.0019867676
2,Schizophrenia,1294,0.0017879383
2,Schizophrenia,1295,0.0018475199
2,Schizophrenia,1296,0.0017085022
2,Schizophrenia,1297,0.002106612
2,Schizophrenia,1298,0.002138633
2,Schizophrenia,1299,0.0019931411
2,Schizophrenia,1300,0.0015550076
2,Schizophrenia,1301,0.0022077654
2,Schizophrenia,1302,0.0017564642
2,Schizophrenia,1303,0.0009792834
2,Schizophrenia,1304,0.0012341733
2,Schizophrenia,1305,0.0016469297
2,Schizophrenia,1306,0.0018624362
2,Schizophrenia,1307,0.001472684
2,Schizophrenia,1308,0.0015075125
2,Schizophrenia,1309,0.0017945049
2,Schizophrenia,1310,0.0017600968
2,Schizophrenia,1311,0.0016260227
2,Schizophrenia,1312,0.0017093592
2,Schizophrenia,1313,0.0021804548
2,Schizophrenia,1314,0.0022882775
2,Schizophrenia,1315,0.0016229461
2,Schizophrenia,1316,0.0017308474
2,Schizophrenia,1317,0.0020648977
2,Schizophrenia,1318,0.0021904209
2,Schizophrenia,1319,0.0016245614
2,Schizophrenia,1320,0.0016566758
2,Schizophrenia,1321,0.0025925469
2,Schizophrenia,1322,0.00239133
2,Schizophrenia,1323,0.0024837663
2,Schizophrenia,1324,0.0022187307
2,Schizophrenia,1325,0.0026712217
2,Schizophrenia,1326,0.002542654
2,Schizophrenia,1327,0.0019705405
2,Schizophrenia,1328,0.0020035934
2,Schizophrenia,1329,0.0023234638
2,Schizophrenia,1330,0.0021807416
2,Schizophrenia,1331,0.0019691025
2,Schizophrenia,1332,0.0024052756
2,Schizophrenia,1333,0.0024717653
2,Schizophrenia,1334,0.002255702
2,Schizophrenia,1335,0.0017227675
2,Schizophrenia,1336,0.0015237018
2,Schizophrenia,1337,0.001796809
2,Schizophrenia,1338,0.0024284283
2,Schizophrenia,1339,0.0017660367
2,Schizophrenia,1340,0.0018462011
2,Schizophrenia,1341,0.001978982
2,Schizophrenia,1342,0.0026506844
2,Schizophrenia,1343,0.0020571747
2,Schizophrenia,1344,0.001620157
2,Schizophrenia,1345,0.0023691813
2,Schizophrenia,1346,0.0020275945
2,Schizophrenia,1347,0.0016314712
2,Schizophrenia,1348,0.0014884084
2,Schizophrenia,1349,0.0022289767
2,Schizophrenia,1350,0.0023827064
2,Schizophrenia,1351,0.0018763324
2,Schizophrenia,1352,0.002017661
2,Schizophrenia,1353,0.0022354985
2,Schizophrenia,1354,0.0026566489
2,Schizophrenia,1355,0.0014558624
2,Schizophrenia,1356,0.0015149643
2,Schizophrenia,1357,0.0020535768
2,Schizophrenia,1358,0.002292033
2,Schizophrenia,1359,0.0018627563
2,Schizophrenia,1360,0.0018557817
2,Schizophrenia,1361,0.0020673852
2,Schizophrenia,1362,0.0023046494
2,Schizophrenia,1363,0.001843847
2,Schizophrenia,1364,0.0018091974
2,Schizophrenia,1365,0.0019172425
2,Schizophrenia,1366,0.0021170771
2,Schizophrenia,1367,0.0016722268
2,Schizophrenia,1368,0.0013154453
2,Schizophrenia,1369,0.0025755104
2,Schizophrenia,1370,0.0019310272
2,Schizophrenia,1371,0.0016647733
2,Schizophrenia,1372,0.001730816
2,Schizophrenia,1373,0.0023917279
2,Schizophrenia,1374,0.0021938547
2,Schizophrenia,1375,0.0019510882
2,Schizophrenia,1376,0.0017880033
2,Schizophrenia,1377,0.0017784456
2,Schizophrenia,1378,0.002166593
2,Schizophrenia,1379,0.0019236773
2,Schizophrenia,1380,0.001926542
2,Schizophrenia,1381,0.0021333129
2,Schizophrenia,1382,0.0021454636
2,Schizophrenia,1383,0.0020274012
2,Schizophrenia,1384,0.0016890686
2,Schizophrenia,1385,0.0021978356
2,Schizophrenia,1386,0.0021964244
2,Schizophrenia,1387,0.0018390731
2,Schizophrenia,1388,0.0019939167
2,Schizophrenia,1389,0.0024026057
2,Schizophrenia,1390,0.0020781811
2,Schizophrenia,1391,0.002215739
2,Schizophrenia,1392,0.0019538207
2,Schizophrenia,1393,0.002584198
2,Schizophrenia,1394,0.0023331197
2,Schizophrenia,1395,0.0015144392
2,Schizophrenia,1396,0.00182146
2,Schizophrenia,1397,0.0024405336
2,Schizophrenia,1398,0.0030252254
2,Schizophrenia,1399,0.0023659694
2,Schizophrenia,1400,0.0022563937
2,Schizophrenia,1401,0.0022924014
2,Schizophrenia,1402,0.0022147119
2,Schizophrenia,1403,0.0016462499
2,Schizophrenia,1404,0.0017250504
2,Schizophrenia,1405,0.0019923754
2,Schizophrenia,1406,0.0024390281
2,Schizophrenia,1407,0.0020269465
2,Schizophrenia,1408,0.0016220972
2,Schizophrenia,1409,0.002549286
2,Schizophrenia,1410,0.002383853
2,Schizophrenia,1411,0.0014673651
2,Schizophrenia,1412,0.0017452313
2,Schizophrenia,1413,0.0025380608
2,Schizophrenia,1414,0.0026784178
2,Schizophrenia,1415,0.0016561246
2,Schizophrenia,1416,0.0018857098
2,Schizophrenia,1417,0.0022156183
2,Schizophrenia,1418,0.0021734624
2,Schizophrenia,1419,0.0016866892
2,Schizophrenia,1420,0.0014674995
2,Schizophrenia,1421,0.00224735
2,Schizophrenia,1422,0.0025712857
2,Schizophrenia,1423,0.0015400386
2,Schizophrenia,1424,0.0018489936
2,Schizophrenia,1425,0.0026973418
2,Schizophrenia,1426,0.0024811858
2,Schizophrenia,1427,0.0017346092
2,Schizophrenia,1428,0.0013814418
2,Schizophrenia,1429,0.0021334346
2,Schizophrenia,1430,0.0021709516
2,Schizophrenia,1431,0.0017453122
2,Schizophrenia,1432,0.0014696307
2,Schizophrenia,1433,0.0017885155
2,Schizophrenia,1434,0.0012473462
2,Schizophrenia,1435,0.0006928018
2,Schizophrenia,1436,0.00076714903
2,Schizophrenia,1437,0.001064572
2,Schizophrenia,1438,0.0005563277
2,Schizophrenia,1439,0.0008478821
